mp-7, S
mp-11, As
mp-14, Se
mp-19, Te
mp-48, C
mp-67, Sc
mp-74, Rh
mp-79, Zn
mp-84, Sn
mp-85, In
mp-87, Be
mp-104, Sb
mp-137, Ge
mp-146, V
mp-147, Se
mp-157, P
mp-168, Si
mp-182, SrGa2
mp-226, FeS2
mp-236, SN
mp-242, SrB6
mp-260, CrB
mp-266, Zr2Pd
mp-274, Nb5Sb4
mp-303, BaZn5
mp-313, YC2
mp-322, TlS
mp-328, Zr2Ni
mp-335, BaGa4
mp-336, SmCo2
mp-349, Yb3Si5
mp-350, Zr5Te4
mp-351, SiNi
mp-352, HfO2
mp-361, Cu2O
mp-362, Ni3S2
mp-363, NbGe2
mp-381, SiRu
mp-389, SiPd
mp-390, TiO2
mp-395, ZrAl3
mp-398, ErGa3
mp-402, CdP2
mp-408, Mg2Ge
mp-411, ErCo3
mp-423, GePd2
mp-427, FeAs
mp-434, SrAu2
mp-443, CaAu2
mp-445, NdCo2
mp-454, NaGa4
mp-458, Ti2O3
mp-484, Te3As2
mp-499, AgO
mp-501, TaSe2
mp-504, CuS
mp-517, TaSi2
mp-535, Fe4N
mp-537, ErCo2
mp-538, CaAg
mp-544, Ti3Ir
mp-551, BaAl2
mp-555, Fe8N
mp-556, ZrNi
mp-557, TeO2
mp-559, YPd3
mp-566, CeP5
mp-568, TiSb2
mp-578, GaAg2
mp-583, CoAs
mp-590, NiAs
mp-609, CrSn2
mp-611, Ag3Sn
mp-613, Te2Pd3
mp-631, TiC
mp-633, LaSn3
mp-634, HgS
mp-638, SrZn5
mp-657, YbZn2
mp-665, SnSe2
mp-666, UTe2
mp-677, SrCd2
mp-691, SnSe
mp-696, SiPt
mp-700, GeSe
mp-706, HgF
mp-712, YCu
mp-714, SrSn4
mp-717, B2O3
mp-720, TlF
mp-729, Cr3Si
mp-739, TiP
mp-740, NdTe3
mp-741, HfO2
mp-755, CoSb2
mp-759, La2Sb
mp-763, MgB2
mp-767, Yb3Ge5
mp-774, CaNi5
mp-778, Fe2P
mp-810, NiSb
mp-818, SiRh
mp-820, HgSe
mp-825, RuO2
mp-865, CaB6
mp-869, TaAl3
mp-870, TlN3
mp-871, FeSi
mp-888, CaAs
mp-889, Cr3B4
mp-910, NbC
mp-917, CaC2
mp-938, GeTe
mp-953, NbZn3
mp-954, BaB6
mp-960, B2Mo
mp-963, ZrO2
mp-966, NbS2
mp-978, Sr2Sn
mp-984, BN
mp-995, EuIr2
mp-996, OsO2
mp-998, Al2Cu
mp-1001, BaN2
mp-1005, FeP
mp-1014, ZrMn2
mp-1017, Zr3O
mp-1028, V3Te4
mp-1038, MgCu2
mp-1046, NbSn2
mp-1047, Ca3N2
mp-1048, TiNi
mp-1049, SrAs
mp-1051, ErNi3
mp-1057, Al3Ni2
mp-1058, PdF2
mp-1068, CuS2
mp-1077, B2Ru
mp-1078, CaCd2
mp-1081, V3S4
mp-1084, ZrB12
mp-1086, TaC
mp-1090, FeSe
mp-1114, VP
mp-1123, HgS
mp-1124, MgZn2
mp-1128, SiIr
mp-1145, TiB2
mp-1146, ThS2
mp-1168, HfTe5
mp-1170, SnS2
mp-1201, Sb2Te3
mp-1209, RbAu5
mp-1219, BaGa2
mp-1224, HgO
mp-1229, CuF2
mp-1237, UGe2
mp-1241, BaAg2
mp-1245, Sr2N
mp-1275, SiMo3
mp-1282, VC
mp-1298, KAu5
mp-1301, Yb2S3
mp-1320, CeSe2
mp-1329, LaTe2
mp-1334, Y2C
mp-1337, MoAs2
mp-1341, Te2Rh3
mp-1352, ZrN
mp-1356, Sb2Pd
mp-1364, YNi
mp-1378, LiC
mp-1380, Zn3Ru
mp-1391, Ag2F
mp-1399, AlAu
mp-1411, TaS2
mp-1429, SmCo5
mp-1431, MnSi
mp-1434, MoS2
mp-1439, TiO2
mp-1444, CaCd2
mp-1455, MnS2
mp-1474, Re3P4
mp-1475, Be12Mo
mp-1483, SiRh
mp-1515, ZrSi2
mp-1523, ZrP2
mp-1539, ZrTe
mp-1547, NiS
mp-1551, Te2Ir
mp-1552, Mo2C
mp-1563, CaSi
mp-1575, CaC2
mp-1579, ErC2
mp-1580, NbN
mp-1592, Ag2Te
mp-1597, UO2
mp-1602, SiS2
mp-1603, TmGa3
mp-1620, Si2W
mp-1627, Mo2S3
mp-1636, Mn3Sb
mp-1637, Re2P
mp-1662, Te2Au
mp-1690, TaS2
mp-1692, CuO
mp-1694, Yb2Ge
mp-1698, SrSn
mp-1718, ZrFe2
mp-1727, SrSi2
mp-1734, CaZn5
mp-1735, BaC2
mp-1743, Mo5As4
mp-1756, ThB6
mp-1773, ReB2
mp-1798, CeMg3
mp-1804, Fe3N
mp-1819, SbO2
mp-1825, Cu2Sb
mp-1836, TlSe
mp-1848, Te2Ru
mp-1851, SnPd2
mp-1852, UF5
mp-1860, LaSi
mp-1863, SiAs
mp-1866, KO2
mp-1869, GaPd2
mp-1874, NbS2
mp-1879, SmS
mp-1880, SbF3
mp-1882, CaCu5
mp-1887, MoP2
mp-1892, Ba2N
mp-1894, WC
mp-1900, CaAs3
mp-1907, TiTe2
mp-1909, LaMg2
mp-1915, Fe2B
mp-1933, Cu3N
mp-1935, BaMg2
mp-1937, YbCu
mp-1940, Th2N3
mp-1943, GaSe
mp-1949, TiMn2
mp-1954, P3N5
mp-1956, TmGa2
mp-1959, PuO2
mp-1969, NbSb2
mp-1981, Ba2Sn
mp-1984, TaS2
mp-2041, HoZn2
mp-2042, HoNi3
mp-2063, Pr2O3
mp-2067, ThGa2
mp-2089, ZrTe3
mp-2091, V3B2
mp-2096, YbMg2
mp-2097, SnO
mp-2128, Sn4Pd
mp-2142, Te2Os
mp-2156, TiS2
mp-2178, YbGa2
mp-2194, TiSe2
mp-2199, Fe3Si
mp-2207, NbSe2
mp-2209, CeGa2
mp-2214, TmMg2
mp-2225, Be2Fe
mp-2231, SnS
mp-2242, GeS
mp-2247, AgN3
mp-2252, ScB2
mp-2271, NaPt2
mp-2278, HgO2
mp-2284, AgF2
mp-2285, Te2Ir
mp-2287, SiRh
mp-2311, NbO
mp-2317, LaNi5
mp-2331, B2Mo
mp-2341, Li3N
mp-2367, LaC2
mp-2398, ScSn2
mp-2420, PW
mp-2424, LaZn5
mp-2432, CaMg2
mp-2439, ZrNi5
mp-2450, CaSn
mp-2451, YAl3
mp-2454, TiFe2
mp-2461, CaGa4
mp-2478, NbSi2
mp-2481, Mg2Cu
mp-2482, CaC2
mp-2486, UC2
mp-2489, UC
mp-2499, BaSi
mp-2507, GaS
mp-2511, PbF2
mp-2512, AsPd5
mp-2513, As2Pt
mp-2536, Ni2B
mp-2567, V3Si
mp-2572, SrMg2
mp-2582, TiSi2
mp-2584, TbFe3
mp-2588, YCo3
mp-2592, Si2Mo
mp-2596, NpN
mp-2597, InTe
mp-2598, Ta5Sb4
mp-2602, NdAs
mp-2611, BaGe2
mp-2613, LaCu5
mp-2620, DySi
mp-2630, SrC2
mp-2639, Na3N
mp-2648, NbS2
mp-2661, SrSi
mp-2662, MnP
mp-2666, CrSb2
mp-2680, LaB6
mp-2686, Ca2N
mp-2700, CaSi2
mp-2706, SnF4
mp-2715, CoAs2
mp-2723, IrO2
mp-2726, SrCu5
mp-2739, TeO2
mp-2760, Nb6C5
mp-2772, ZrAl2
mp-2793, AuSe
mp-2795, ZrC
mp-2826, Lu2S3
mp-2838, UNi5
mp-2849, US2
mp-2850, B2Os
mp-2873, Ce(CrB3)2
mp-2874, In2Si2O7
mp-2885, Ga(MoS2)4
mp-2903, UAl3Ni2
mp-2909, HoAlNi
mp-2910, KAlF4
mp-2914, LaSi3Ir
mp-2926, Pr2MgNi2
mp-2927, LiAg2Sn
mp-2939, BaTbO3
mp-2940, LuPO4
mp-2949, Ca(NiGe)2
mp-2958, Dy(BC)2
mp-2967, La(CoB)2
mp-2968, Sr(MnSb)2
mp-2971, U(CrC)4
mp-2990, TmAgSn
mp-2991, Cs2UO4
mp-2997, ThB2C
mp-2998, BaTiO3
mp-3020, BaNbO3
mp-3034, MgAl2Cu
mp-3062, Sm4S3N2
mp-3076, LaSnPt
mp-3077, SmAlGe
mp-3107, Ga3PO7
mp-3141, ErInRh
mp-3144, HoNbO4
mp-3155, Sc3FeC4
mp-3161, LiAlSi
mp-3173, CaAlSi
mp-3177, Nd(CuGe)2
mp-3182, Th3B2C3
mp-3194, Tb2Al3Si2
mp-3203, NdTaO4
mp-3204, YbSnPd
mp-3207, Sr(NiGe)2
mp-3211, Nd2SO2
mp-3228, HgSO4
mp-3239, Er(CoSi)2
mp-3248, TbAsO4
mp-3250, Ni2SbTe2
mp-3263, USO
mp-3274, NiGePd
mp-3284, CeSi2Pt
mp-3289, LaMgNi4
mp-3291, AgTe4Au
mp-3292, Tb(CoSi)2
mp-3328, Ho2Al3Si2
mp-3329, Tb(NiGe)2
mp-3342, ZnPS3
mp-3348, LiBIr
mp-3354, Ho3(GePd)4
mp-3376, Sr2SnO4
mp-3388, U(SiRu)2
mp-3398, Ho2Ni2Pb
mp-3421, CuCN2
mp-3433, YMgNi4
mp-3439, SbPO4
mp-3441, Y(SiRh)2
mp-3444, ErTaO4
mp-3462, TmSnAu
mp-3466, PrAlO3
mp-3469, ZrNi2Sb
mp-3471, La2Ni5B4
mp-3474, LaCuO3
mp-3487, Ca3(PO4)2
mp-3497, FeCuS2
mp-3513, Dy2Al3Si2
mp-3521, NaBF4
mp-3522, MgCuSb
mp-3525, Sb2Te2Se
mp-3527, Na3AgO2
mp-3532, CrAgSe2
mp-3535, RbCeS2
mp-3551, TbAgTe2
mp-3553, KTeAu
mp-3555, LaSiIr
mp-3556, Tm2SO2
mp-3603, Ce3(BN2)2
mp-3608, LuAgSn
mp-3613, NaErS2
mp-3618, Sc2FeSi2
mp-3632, YSF
mp-3663, Ta4GaSe8
mp-3679, NiSbS
mp-3682, KCuF3
mp-3698, SrAlSi
mp-3701, Sc(Al2Fe)4
mp-3709, Tb(CoGe)2
mp-3718, ThTeO
mp-3747, Ti3AlC2
mp-3759, MgGeO3
mp-3776, Er2Mo2C3
mp-3779, CrSiTe3
mp-3787, RbFe2S3
mp-3799, GdSF
mp-3804, Sr(PRu)2
mp-3805, Al(FeB)2
mp-3808, K2UO4
mp-3827, KFeS2
mp-3830, NiAsS
mp-3847, DyCoC2
mp-3857, Ba3(PO4)2
mp-3861, Al(MoS2)4
mp-3862, Ca(AlGe)2
mp-3871, Ti2SnC
mp-3881, BaZnF4
mp-3891, EuTl2Pd
mp-3896, Y(SiIr)2
mp-3901, NdNbO4
mp-3927, CaAsAu
mp-3931, SmSF
mp-3933, Mg2PN3
mp-3960, CaUO4
mp-3988, BaCu3O4
mp-3992, PrSF
mp-3998, LaTaO4
mp-4001, BaTaS3
mp-4006, ErPO4
mp-4007, Nd(SiNi)2
mp-4008, ZnGeAs2
mp-4013, Nd(SiRu)2
mp-4024, DyAgTe2
mp-4041, Yb(AlGe)2
mp-4051, AlPO4
mp-4071, Er2(NiB2)3
mp-4077, Cd(CN)2
mp-4079, Sc3AlC
mp-4093, Cu3(PO4)2
mp-4096, CeAlO3
mp-4104, HoPO4
mp-4106, YbSnPd
mp-4120, CaCuAs
mp-4126, KUO3
mp-4139, Nb4GaS8
mp-4150, Ca(MnSb)2
mp-4158, Nd2CuO4
mp-4174, HoNiSb
mp-4179, YbPO4
mp-4181, Pr2CuO4
mp-4189, Dy6FeSb2
mp-4210, Sm2CuO4
mp-4219, CeGeAu
mp-4226, LiCrS2
mp-4227, BaVS3
mp-4230, Sc3TlC
mp-4233, KMnSb
mp-4240, RbCeTe2
mp-4242, U3(CuGe)4
mp-4243, CaIrO3
mp-4247, NaZnSb
mp-4255, Ba(CuS)2
mp-4259, Ca(CoGe)2
mp-4266, KAsF6
mp-4275, Sm(SiPd)2
mp-4276, NaSi2Pd3
mp-4300, Yb2Si2O7
mp-4302, Nd(NiGe)2
mp-4304, SmSnAu
mp-4311, HoAgSn
mp-4316, Sr(NiAs)2
mp-4334, Sm(CoGe)2
mp-4340, TbPO4
mp-4343, Sr(MnAs)2
mp-4344, HoTaO4
mp-4346, SrRuO3
mp-4353, TbAl4Ni
mp-4366, Na2PtC2
mp-4368, SbPdSe
mp-4370, Sr(AsPd)2
mp-4374, UAsS
mp-4384, Nb2CS2
mp-4402, La(CoP)2
mp-4410, Yb(Al2Mo)2
mp-4412, La4Se3O4
mp-4416, Ho6FeSb2
mp-4433, Ce(SiIr)2
mp-4437, NdTe2Se
mp-4439, Pr(SiNi)2
mp-4441, Ca(CuGe)2
mp-4458, Th(MnSi)2
mp-4474, V4GaS8
mp-4478, CaSiPt
mp-4488, Sr(FeAs)2
mp-4494, NaYbS2
mp-4500, ZrNbP
mp-4508, ErInPd
mp-4513, Ho2Ga8Co
mp-4519, KPrO2
mp-4520, Y(CuGe)2
mp-4521, Tb(CuGe)2
mp-4538, TaSnS2
mp-4539, Ho(CuGe)2
mp-4541, NaCuO2
mp-4562, La(GeRh)2
mp-4574, YbTaO4
mp-4579, LaSiRu
mp-4596, Sr2RuO4
mp-4624, TaBO4
mp-4630, Li2RuO3
mp-4632, Sr3(PO4)2
mp-4634, LaNi4B
mp-4656, Y(Al2Fe)4
mp-4661, ScOF
mp-4662, ScOF
mp-4663, Yb2CdPd2
mp-4691, Ag2CO3
mp-4701, CuSnF6
mp-4711, Li2CuO2
mp-4718, NdTaO4
mp-4725, Nd(GePd)2
mp-4728, Cu2GeSe3
mp-4730, Ga2HgSe4
mp-4731, K2UF6
mp-4732, UGa5Co
mp-4744, Ca(NiAs)2
mp-4757, KReO4
mp-4764, Pr2SeO2
mp-4784, CaPtO3
mp-4790, ThGeO4
mp-4805, Gd2SO2
mp-4822, Y(SiPd)2
mp-4823, Na2PdC2
mp-4826, CaCuO2
mp-4829, Na2ThF6
mp-4835, LaCuSi
mp-4836, Yb(MnSb)2
mp-4840, GaCuSe2
mp-4856, HoGa5Co
mp-4861, Sr(CuAs)2
mp-4873, Ce2TeO2
mp-4875, GdTaO4
mp-4881, Er(SiNi)2
mp-4886, NdCuO2
mp-4889, Y(GeRh)2
mp-4895, UTeAs
mp-4901, Y2MgCu2
mp-4908, Y(CoGe)2
mp-4913, LiGa2Rh
mp-4920, Nd(GeRh)2
mp-4952, La2MgNi2
mp-4953, CdGeAs2
mp-4960, Li(PrGe3)2
mp-4962, CoSbS
mp-4964, YSbPt
mp-4973, CeSF
mp-4992, ScCrC2
mp-4999, Nd(CoGe)2
mp-5019, YCo3B2
mp-5058, FeAgS2
mp-5075, Sc3CoC4
mp-5088, NaGdO2
mp-5091, Dy(Al2Fe)4
mp-5104, CaZnF4
mp-5109, Y(NiGe)2
mp-5129, Y(CoSi)2
mp-5131, K2CoS2
mp-5134, LaMg2Ni9
mp-5173, Ce(SiAu)2
mp-5176, Y(SiNi)2
mp-5177, LuSnAu
mp-5186, ScNiSn
mp-5190, ZnSnAs2
mp-5222, ReTeS
mp-5239, NdSiRu
mp-5245, Zn(CN)2
mp-5246, KNbO3
mp-5256, KCuC2
mp-5259, RbAlF4
mp-5273, KPrTe2
mp-5274, ThTi2O6
mp-5284, U(CrSi)2
mp-5304, LaAlO3
mp-5305, CuAsS
mp-5313, HoCo3B2
mp-5323, CeAlO3
mp-5327, Na4UO5
mp-5328, CdPS3
mp-5330, LaAlSi2
mp-5334, YbSbAu
mp-5364, YbBO3
mp-5372, RbFeS2
mp-5400, Th(CrSi)2
mp-5425, RbCuC2
mp-5426, ErB3Mo
mp-5446, Li2PrO3
mp-5456, Sr2CuO3
mp-5459, Nd2TeO2
mp-5461, Rb3TaO8
mp-5466, YbNbO4
mp-5470, AgPS3
mp-5473, CaMgSi
mp-5489, LuTaO4
mp-5495, Ag2PdO2
mp-5498, Ca(MnAs)2
mp-5501, Tl(CoS)2
mp-5513, Tl3VS4
mp-5519, HoGeAu
mp-5528, Ni3(SnS)2
mp-5538, YSnPd2
mp-5558, NaReO4
mp-5561, Ho(CrSi)2
mp-5577, Ce(GeRh)2
mp-5584, Ga(MoSe2)4
mp-5589, Sr(MnP)2
mp-5590, YMgGa
mp-5598, Sm2SO2
mp-5606, AlTlF4
mp-5615, CaAgAs
mp-5628, K(RuO2)4
mp-5632, DyAsO4
mp-5634, NdOF
mp-5659, Ti3SiC2
mp-5660, BaIrO3
mp-5678, ErB2Rh3
mp-5679, CdSO4
mp-5682, Th(SiNi)2
mp-5694, NaHoS2
mp-5699, K2CuF4
mp-5700, Sr2Cu3O5
mp-5702, Cu3SbS4
mp-5723, ZrAlNi
mp-5729, YAgSn
mp-5735, BaTbO3
mp-5745, Nb2CS2
mp-5757, CeB2Rh3
mp-5760, NdSF
mp-5765, Nd(BC)2
mp-5767, DyPO4
mp-5770, AgNO2
mp-5777, BaTiO3
mp-5787, SrCuO2
mp-5792, BaCuSn2
mp-5808, RbNdTe2
mp-5816, UBC
mp-5819, Pr(NiGe)2
mp-5820, Ce(CoP)2
mp-5821, TaAgS3
mp-5836, ThSiO4
mp-5839, TiPO4
mp-5841, RbCuC2
mp-5852, Pr(SiOs)2
mp-5862, CrCuS2
mp-5868, Sr3Ru2O7
mp-5869, Ca2CuO3
mp-5874, TlAgTe
mp-5884, TmPO4
mp-5887, EuNiGe
mp-5899, NdAlO3
mp-5910, CaCuSb
mp-5918, Hf2NiP
mp-5920, LiAlGe
mp-5924, MgSiO3
mp-5925, Nd2MgNi2
mp-5938, SrCu2O3
mp-5948, Th(CuSi)2
mp-5951, CeMnNi4
mp-5957, EuTaO4
mp-5971, YBPt2
mp-5982, La(NiAs)2
mp-5985, HoTaO4
mp-5992, LaB2Ir2C
mp-5999, Sm2Ti2S2O5
mp-6023, Tl2Sn(AsS3)2
mp-6037, Ba2SmSbO6
mp-6070, AgCNO
mp-6074, KRb2TiF6
mp-6092, TbNi2B2C
mp-6098, ErNi2B2C
mp-6102, NdNi2B2C
mp-6114, La3Ni2B2N3
mp-6122, Ba2NdSbO6
mp-6123, Ba2Pd(OF)2
mp-6135, Ba2PrIrO6
mp-6140, PrNi2B2C
mp-6166, PrCuSO
mp-6167, Ba2NdNbO6
mp-6178, Cs2KTiF6
mp-6188, LuNiBC
mp-6191, CeB2Rh2C
mp-6192, Ba2DySbO6
mp-6215, AgHgAsS3
mp-6223, DyNi2B2C
mp-6254, Ba2TbNbO6
mp-6259, SrLi2Ta2O7
mp-6265, Ba2TbSbO6
mp-6278, Zn2Cu(AsO4)2
mp-6286, YbNi2B2C
mp-6304, Sr2GaSbO6
mp-6309, La3Cu4(P2O)2
mp-6328, Na2Ti2Sb2O
mp-6428, Ba2YRuO6
mp-6430, Ba2YReO6
mp-6498, CoCu2GeS4
mp-6504, BaMg(CO3)2
mp-6543, VAg(PSe3)2
mp-6544, LuNi2B2C
mp-6574, Er2C(NO)2
mp-6576, YNi2B2C
mp-6609, Ba2HoRuO6
mp-6621, Ba2ErRuO6
mp-6625, LaAgSO
mp-6628, CsCd(NO2)3
mp-6635, Ba2CaReO6
mp-6646, HoNi2B2C
mp-6687, Ba2HoSbO6
mp-6692, Ba2PrSbO6
mp-6739, Ba2CaOsO6
mp-6754, TmNi2B2C
mp-6781, AgCNO
mp-6782, Li2ZrTeO6
mp-6794, LaB2Rh2C
mp-6847, KY2Ti2S2O5
mp-6908, YMgZn
mp-6914, CaGa
mp-6915, As2PdO6
mp-6916, Sm(BC)2
mp-6917, TmAgSn
mp-6926, Ca(PPd)2
mp-6938, ZnRh
mp-6945, SiO2
mp-6950, BaSb3
mp-6953, Ca(MnP)2
mp-6954, SrAgAs
mp-6959, Ga2NiS4
mp-6961, Sr(SbPd)2
mp-6962, Ba(AsPd)2
mp-6963, Ba(SbPd)2
mp-6964, NaTbO2
mp-6968, Cs2KCuF6
mp-6996, SmB6
mp-6997, Sb2Te
mp-6999, ScPS4
mp-7003, CePPd
mp-7015, CsCeS2
mp-7028, YbOF
mp-7032, HfMoP
mp-7038, TlPd2Se3
mp-7045, RbGdS2
mp-7046, RbDyS2
mp-7049, ZrTlCuS3
mp-7050, ZrTlCuSe3
mp-7061, NdZnAsO
mp-7064, Er2Si2O7
mp-7066, ScNiGe
mp-7068, Sr3(AlSi)2
mp-7072, Th(CoSi)2
mp-7073, BaTiS3
mp-7079, CaZrSi2O7
mp-7080, Li5(NiN)3
mp-7083, LaSi
mp-7086, RbFeSe2
mp-7088, Ta2C
mp-7094, ReAgO4
mp-7095, CeCoSi2
mp-7101, Ce(AlGe)2
mp-7112, Sr2Cu3(SO)2
mp-7120, Sm(AlSi)2
mp-7121, Dy(AlSi)2
mp-7126, TiSnSb
mp-7127, Ba2YbTaO6
mp-7138, YbSb2
mp-7147, KCrP2S7
mp-7157, Tb(AlGe)2
mp-7158, Lu(AlGe)2
mp-7180, UGeAu
mp-7187, TiAlNi2
mp-7192, Sc2Sb
mp-7193, Lu2Si2O7
mp-7194, TbCuAs2
mp-7199, RbPrTe4
mp-7204, CaZnSO
mp-7237, CuAgO2
mp-7239, PrMgGa
mp-7240, NaRuO2
mp-7241, Ho2InPd2
mp-7248, U(Al2Cu)4
mp-7263, CaGaN
mp-7276, ScUS3
mp-7277, Tl2GeS3
mp-7281, Dy3Ni2
mp-7284, USi2
mp-7285, HfNi3
mp-7288, Sc2SO2
mp-7291, CrP2
mp-7302, CrP4
mp-7329, KCeS2
mp-7352, MgCuP
mp-7359, BaAgAs
mp-7376, Sr3(AlSn)2
mp-7377, Ba3(AlSn)2
mp-7378, NaCdAs
mp-7379, TlCdSb
mp-7396, Li3Tl
mp-7429, Ca(ZnSb)2
mp-7430, Ca(CdSb)2
mp-7431, Sr(ZnSb)2
mp-7432, Sr(CdSb)2
mp-7433, NaCuSe
mp-7434, NaCuTe
mp-7443, Nb2CrSe4
mp-7456, SnF2
mp-7474, Cu2As
mp-7486, BaNiS2
mp-7492, LaBO3
mp-7493, CaSb2
mp-7502, K2Sn2O3
mp-7541, SnP3
mp-7558, TaGe2
mp-7560, LuBO3
mp-7574, AlBMo
mp-7577, CoSi
mp-7582, GeS2
mp-7583, SiS2
mp-7589, Mg2NF
mp-7595, GeF2
mp-7598, NbAs2
mp-7600, Th(FeSi)2
mp-7601, NbGaO4
mp-7607, TiHgO3
mp-7621, KTcO4
mp-7632, NiMoP
mp-7644, LuAsO4
mp-7692, Al(CrB)2
mp-7693, BaTm2F8
mp-7703, DyTaO4
mp-7720, Ce2Ga10Ni
mp-7744, LiSO3F
mp-7756, SrLiSb
mp-7784, SbAsO4
mp-7785, CsCu4S3
mp-7824, K2ReF6
mp-7832, BW
mp-7853, NaTl3(SO3)2
mp-7892, Mn2AlB2
mp-7923, Co(MoS2)2
mp-7941, Li6TeO6
mp-7961, Sr3SnO
mp-8053, YCo
mp-8110, AlBO3
mp-8111, LaOF
mp-8128, NaNdO2
mp-8129, NiC2(SN)2
mp-8190, Tl2SiS3
mp-8191, Cs2PtF6
mp-8211, GaGeTe
mp-8215, LaYbS3
mp-8219, Zr(CuP)2
mp-8220, LiTb(CuP)2
mp-8234, BaTe3
mp-8249, TlPS3
mp-8251, VP4
mp-8253, Na5ReO6
mp-8275, CdGeO3
mp-8281, Ba(CdAs)2
mp-8285, ZnGeO3
mp-8290, BaSnF6
mp-8301, Gd2CF2
mp-8307, CaNi4B
mp-8308, Ca3Ni7B2
mp-8312, Ta5As4
mp-8357, UTe3
mp-8360, RbTe
mp-8390, LiYbO2
mp-8393, Tl3SbS3
mp-8418, ZrCoP
mp-8429, K4IrO4
mp-8431, Ca(BRh)2
mp-8432, CaCuP
mp-8435, Ta2PdS6
mp-8436, Ta2PdSe6
mp-8453, RbNaO
mp-8456, SrAsPt
mp-8458, BaAsPt
mp-8466, SmNiGe3
mp-8467, YNiGe3
mp-8468, Sr(SbPd)2
mp-8470, NaPrO2
mp-8481, LiPrGe
mp-8482, LiYbGe
mp-8483, K2SO3
mp-8487, CaSbPt
mp-8500, AsS2NF6
mp-8535, ErSi2Rh3
mp-8539, SrSnP
mp-8540, NdRhC2
mp-8543, Na3AlAs2
mp-8577, Sc3GaC
mp-8578, Sc3InC
mp-8580, Ca(PRh)2
mp-8581, Sr(PRh)2
mp-8582, Eu(PRh)2
mp-8583, Ba(PRh)2
mp-8584, NaErSe2
mp-8591, USe2
mp-8603, RbAgO
mp-8605, SrSbPt
mp-8606, BaSbPt
mp-8607, Na(Cu2Sb)2
mp-8608, K(Cu2As)2
mp-8609, Li6UO6
mp-8612, Sb2TeSe2
mp-8651, Gd(AlSi)2
mp-8666, CsAgO
mp-8680, Ce(BIr)2
mp-8688, V4GeS8
mp-8689, V4GeSe8
mp-8700, K2Au3
mp-8713, K2MnS2
mp-8714, Rb2MnS2
mp-8716, K2MnSe2
mp-8717, Rb2MnSe2
mp-8719, K2MnTe2
mp-8720, Rb2MnTe2
mp-8732, Ta2Se
mp-8758, SmRhC2
mp-8761, NdCoC2
mp-8765, Na2CoS2
mp-8766, Rb2CoS2
mp-8768, K2CoSe2
mp-8769, Rb2CoSe2
mp-8770, Cs2CoSe2
mp-8771, Lu2(NiB2)3
mp-8772, ScB12
mp-8780, Cr2N
mp-8781, SnS
mp-8786, Zr2NiAs2
mp-8787, Ho2NiAs2
mp-8800, TlCu3Se2
mp-8806, Sr2Cu2O3
mp-8832, Tb(CrSi)2
mp-8842, CaSiPd
mp-8843, SrSiPd
mp-8848, TaFeTe3
mp-8858, RbCuF3
mp-8864, Li(Co3P2)2
mp-8868, Ba3NaN
mp-8909, RuO2
mp-8914, SrGaSn
mp-8919, ErPPd
mp-8927, TaCuN2
mp-8938, Si2Mo
mp-8948, CeAsPd
mp-8949, NdAsPd
mp-8951, SmAsPd
mp-8952, HoAsPd
mp-8969, Mg2Ni3P
mp-8973, NaSi2N3
mp-8976, Cu2WS4
mp-8983, CaSiPt
mp-8996, Sc3RuC4
mp-9023, ScSiAu
mp-9024, LuSiAu
mp-9025, YSiAu
mp-9027, TiS2
mp-9035, NaLuS2
mp-9036, KSmTe2
mp-9037, CsPrS2
mp-9040, Ca3AuN
mp-9056, ZrPdF6
mp-9060, RbPdF3
mp-9061, KPdF3
mp-9068, K2NaAlP2
mp-9069, K2NaAlAs2
mp-9075, CdCuF4
mp-9076, NaTmS2
mp-9078, BaPIr
mp-9080, CsPrS2
mp-9081, CsNdS2
mp-9082, CsSmS2
mp-9084, CsGdS2
mp-9085, CsTbS2
mp-9086, CsDyS2
mp-9089, CsTmS2
mp-9090, CsYbS2
mp-9102, RbVP2S7
mp-9115, Ba2SrIrO6
mp-9117, Sr2YTlCu2O7
mp-9145, Rb2SnSe3
mp-9146, CdHgO2
mp-9159, Li4NpO5
mp-9173, TiO2
mp-9177, Y2Al3Si2
mp-9179, Ba3Zr2S7
mp-9194, SmCuSeO
mp-9201, K4Ge2Au7
mp-9208, V2B3
mp-9211, Tm2Fe2Si2C
mp-9219, LaB2Pt2C
mp-9223, ScGeRu
mp-9225, ScSiPt
mp-9235, LaNiSb
mp-9238, Ba2UCuO6
mp-9249, NaGeAu
mp-9251, TlTe3Pt2
mp-9252, HgS
mp-9254, Al2Te5
mp-9257, Yb(CdSb)2
mp-9264, NaTeAu
mp-9272, TlPt2S3
mp-9277, Ce2CrN3
mp-9289, ZrSnTe
mp-9293, EuGeAu
mp-9304, DyCuSeO
mp-9339, NbP
mp-9341, GdAgGe
mp-9349, KRb2ScF6
mp-9350, ScGeAu
mp-9351, LuGeAu
mp-9357, Th(CrB3)2
mp-9362, RbPrS2
mp-9363, RbNdS2
mp-9364, RbSmS2
mp-9365, RbTbS2
mp-9366, RbHoS2
mp-9367, RbErS2
mp-9368, RbTmS2
mp-9369, RbYbS2
mp-9370, RbLuS2
mp-9372, Ba2Cu(PO4)2
mp-9374, MnMoN2
mp-9378, Na(SnAs)2
mp-9379, Sr(SnAs)2
mp-9381, Zr6FeTe2
mp-9391, TaNi2Te3
mp-9396, HfTlCuS3
mp-9397, HfTlCuSe3
mp-9399, SmTe3
mp-9400, CeAlSi2
mp-9413, Ca2TiSiO6
mp-9429, USe3
mp-9439, YbCuSb
mp-9440, YbAgSb
mp-9453, Sr2ZnCu2(SO)2
mp-9473, Ba(NiP)2
mp-9479, Mg(AlSe2)2
mp-9481, TcS2
mp-9487, USiAu
mp-9490, KAg2SbS4
mp-9497, Pr2C(NO)2
mp-9498, Nd2C(NO)2
mp-9499, Sm2C(NO)2
mp-9503, BaDyCuTe3
mp-9518, NdZnPO
mp-9519, AgCN
mp-9522, K(ThSe3)2
mp-9548, GeAs
mp-9556, SrZnSi
mp-9568, Li3Ga2
mp-9577, Ca3(AlSi)2
mp-9578, Ba3(AlSi)2
mp-9581, Th(CuP)2
mp-9582, Yb(ZnP)2
mp-9632, CsReF6
mp-9634, Na3AgS2
mp-9635, Ag2HgS2
mp-9665, K3BAs2
mp-9666, K2NaGaP2
mp-9673, K2NiAs2
mp-9676, K2NaGaAs2
mp-9690, Ca(AlGa)2
mp-9693, K2SnSe3
mp-9694, Tm3(GePd)4
mp-9716, TiBO3
mp-9721, Ca3GeO
mp-9741, Na3Cd2IrO6
mp-9743, SrAsPd
mp-9744, BaAsPd
mp-9756, ThGeO4
mp-9767, BaAs2Pd
mp-9768, BaSb2Pd
mp-9769, BaAs2Pt
mp-9771, UTi2O6
mp-9776, YbAgGe
mp-9782, KAg3Se2
mp-9791, Tl3AsS3
mp-9799, Yb4As2O
mp-9801, HfCoAs
mp-9808, Rb3NbO8
mp-9810, TlFeSe2
mp-9814, Cu3SbSe4
mp-9819, RbAsF6
mp-9820, CsAsF6
mp-9827, RbHg2
mp-9828, YbPPt
mp-9847, YbP5
mp-9848, PrP5
mp-9849, SmP5
mp-9850, DyP5
mp-9851, HoP5
mp-9852, TmP5
mp-9853, LuP5
mp-9854, YP5
mp-9873, EuZnGe
mp-9884, KFeSe2
mp-9886, La(PRu)2
mp-9890, TaAgO3
mp-9898, BaCuAs
mp-9899, BaAgP
mp-9903, U3(SiNi)4
mp-9905, Ba2Si
mp-9907, SrAs3
mp-9911, K3SbS4
mp-9920, TiS3
mp-9921, ZrS3
mp-9922, HfS3
mp-9923, VP2
mp-9925, Ca2Sb
mp-9945, CoTe2
mp-10000, Hf2S
mp-10033, NbS2
mp-10065, UFe3B2
mp-10068, Ce2MnN3
mp-10087, CeScSi
mp-10092, KCu4Se3
mp-10098, YGeAu
mp-10101, CsAgC2
mp-10102, KAgC2
mp-10164, NaGaTe2
mp-10165, KAlTe2
mp-10166, NaAlSe2
mp-10209, Y3Al3NiGe2
mp-10214, Y2GeRh3
mp-10231, LiMnSe2
mp-10232, NaMnSe2
mp-10240, ScNiP
mp-10283, SmSi3Ni
mp-10284, YSi3Ni
mp-10286, KMnTe2
mp-10287, RbMnTe2
mp-10298, Sm(SiPt)2
mp-10300, ZrMoP
mp-10308, Ho2Ge2Rh
mp-10316, CeCdAsO
mp-10343, Sc2BC2
mp-10388, Nb5(PPd)4
mp-10393, SmGaSb2
mp-10394, CrCoGe
mp-10398, HoNi4B
mp-10401, Tl2SnF6
mp-10402, TiTl2F6
mp-10405, Yb(AlSi)2
mp-10415, Yb3(GePd)4
mp-10421, RbAuC2
mp-10422, NaAuC2
mp-10423, KAuC2
mp-10430, Nb5(NiP)4
mp-10434, K2UTe3
mp-10435, Y(AlSi)2
mp-10436, Tb(AlSi)2
mp-10437, Ba(CuSe)2
mp-10440, Mg(P2Rh3)2
mp-10441, Sr(Cu2As)2
mp-10442, Eu(Cu2As)2
mp-10443, YbSiAu
mp-10445, Sc6FeTe2
mp-10446, Sc6NiTe2
mp-10450, PrAlGe
mp-10456, HfSiPt
mp-10464, CaF2
mp-10468, CeBPt2
mp-10477, RbAg3Se2
mp-10478, CeAsRh
mp-10486, Cd2As2O7
mp-10516, Dy6FeTe2
mp-10518, KVP2S7
mp-10519, Cu2SnS3
mp-10521, Y(AlGe)2
mp-10523, CeSiO4
mp-10527, Y2AlSi2
mp-10528, Ho2AlSi2
mp-10529, Er2AlSi2
mp-10530, Tm2AlSi2
mp-10531, Lu2AlSi2
mp-10532, Yb2AlSi2
mp-10554, Ca3TlN
mp-10559, Gd3AuO6
mp-10564, SrN2
mp-10569, YbSiIr
mp-10580, La(AlGe)2
mp-10581, Nd(AlGe)2
mp-10584, Ba2LiOsO6
mp-10636, SrSb2
mp-10668, Yb(SiAg)2
mp-10669, Ba3(AlGe)2
mp-10670, Ca3(AlGe)2
mp-10671, Sr3(AlGe)2
mp-10690, EuCoGe3
mp-10697, Sr(GeRh)2
mp-10698, Ba(GeRh)2
mp-10756, VFeSb
mp-10796, HgSeO4
mp-10797, CaSiNi2
mp-10809, AgSnF6
mp-10816, NdAgAs2
mp-10824, ZnCu2GeSe4
mp-10846, NiAsSe
mp-10847, NiSbSe
mp-10848, AsPdS
mp-10849, AsPdSe
mp-10850, SbTePd
mp-10852, La(BC)2
mp-10853, Pr(BC)2
mp-10854, Tb(BC)2
mp-10856, Er(BC)2
mp-10857, Tm(BC)2
mp-10858, Lu(BC)2
mp-10860, CeNi2B2C
mp-10863, Li4Yb5Ge4
mp-10876, Ca3Al7Cu2
mp-10877, Ca(Al2Cu)4
mp-10878, Ca(MnAl2)4
mp-10910, Al2Ru
mp-10924, Mg(Co3P2)2
mp-10930, TbSF
mp-10931, HoSF
mp-10932, ErSF
mp-10933, Nd2TeS2
mp-10950, Sr2Cu(PO4)2
mp-10952, Cu2HgGeS4
mp-10956, LaAsRh
mp-10960, Tb2Ti2S2O5
mp-10964, CeB2Ir2C
mp-10965, DyAgSb2
mp-10967, CdCu2GeSe4
mp-10988, NaYbSe2
mp-10989, KYbSe2
mp-10991, YCuAs2
mp-10992, DyCuAs2
mp-10993, ErCuAs2
mp-10994, TmCuAs2
mp-10998, Yb2Ge2Ir
mp-10999, LuGeIr
mp-11010, KNdTe4
mp-11011, RbNdTe4
mp-11016, RbCd(NO2)3
mp-11017, KCd(NO2)3
mp-11018, TlCd(NO2)3
mp-11037, Lu(Al2Fe)4
mp-11038, Zr6Al2Fe
mp-11040, EuZnSn
mp-11069, YbAgSn
mp-11073, Ti3In3Rh2
mp-11078, BaIn2Rh
mp-11080, YbMgAu
mp-11081, CeSnAu
mp-11082, CeCdAu
mp-11084, EuCdAu
mp-11085, YbCdAu
mp-11086, La2MgCu2
mp-11090, EuCdPd
mp-11091, NdMgPt
mp-11098, YbMgPd
mp-11100, YbIn5Rh
mp-11101, LuInRh
mp-11102, YbInRh
mp-11104, HoInRh
mp-11108, SrP3
mp-11132, KPrTe4
mp-11147, Na5CuSO2
mp-11155, NdMgGa
mp-11156, TmMgGa
mp-11157, SmMgGa
mp-11160, SmSbIr
mp-11169, Ba(PIr)2
mp-11171, LiRhF6
mp-11172, LiIrF6
mp-11174, K2IrF6
mp-11176, Ca3(SiIr)4
mp-11178, SrCeN2
mp-11180, NaC
mp-11181, Cs(MnP)2
mp-11194, NdMgNi4
mp-11200, LaMg2Ni
mp-11214, CaAgSb
mp-11215, CeAgGe
mp-11266, BaCd2
mp-11273, Be3Nb
mp-11284, CaGa2
mp-11287, CaHg2
mp-11322, ZrSi
mp-11328, P2W
mp-11329, P2W
mp-11350, CaAl9Co2
mp-11352, PrAl5Ni2
mp-11397, Ga3Ni2
mp-11415, Sm9Ga4
mp-11430, Ca3Al7Ag2
mp-11511, LaAlGe
mp-11522, Ni3Sn
mp-11537, NbAlRu2
mp-11550, Sc2Pt
mp-11580, TiCrP
mp-11581, Tm2NiAs2
mp-11584, Lu8Te
mp-11593, CeB2Ir3
mp-11594, PrB2Ir3
mp-11596, PrBPt3
mp-11597, NdBPt3
mp-11601, NaErO2
mp-11609, Sb(MoS)2
mp-11610, PrCo4B
mp-11615, TmMnGe
mp-11620, ZnNi3Sb2
mp-11621, ZnNiSb
mp-11639, Rb2GeS3
mp-11644, Li2Ca
mp-11651, Yb3SnO
mp-11652, Yb3PbO
mp-11658, Cu2SnSe3
mp-11665, Ce2(Zn2Ge)3
mp-11666, Pr2(Zn2Ge)3
mp-11667, Nd2(Zn2Ge)3
mp-11668, Sm2(Zn2Ge)3
mp-11690, Tc2P3
mp-11694, Cs2Pd3Se4
mp-11696, As3W2
mp-11705, Dy2Fe2Si2C
mp-11734, Sr2MgReO6
mp-11740, KNdTe2
mp-11742, CsNdTe2
mp-11743, LiYGa4
mp-11750, Ti6Si2B
mp-11752, Lu7(NiTe)2
mp-11753, Lu7(TePd)2
mp-11754, Sc6Te2Os
mp-11755, Lu6Sb2Mo
mp-11760, ErCd2Cu
mp-11765, Ti5Se4
mp-11769, CoCu2SiS4
mp-11770, CoCu2SnS4
mp-11771, CoCu2SnSe4
mp-11775, RbUO3
mp-11799, PrNi
mp-11800, Co3Se4
mp-11811, CaGaAu
mp-11814, Rb2Au3
mp-11820, BaNa2
mp-11831, YbZnSn
mp-11840, BaAg
mp-11879, BaNiSn3
mp-11883, MgIr2
mp-11927, Pr2AlCo2
mp-11928, Pr2AlCo2
mp-11945, SmAl4Ni
mp-11957, CaSn2Ir
mp-11958, CaSn2Pd
mp-11959, CaSn2Rh
mp-11964, Ce2CdPt2
mp-11965, Ce2CdPd2
mp-11971, HoSnRh
mp-11973, YbSnRh
mp-11974, TmSnRh
mp-11977, LiSnAu
mp-11980, CsNbF6
mp-11990, Pr2CdNi2
mp-11991, Nd2CdNi2
mp-12004, Er2Al3Si2
mp-12005, Tm2Al3Si2
mp-12006, CeCdNi4
mp-12007, HoCdCu4
mp-12008, ErCdCu4
mp-12009, YbCdCu4
mp-12029, Li2CuP
mp-12039, Gd2Mo2C3
mp-12041, DySbPd
mp-12049, Nd2Sb
mp-12137, Ca(ZnSi)2
mp-12264, LiYbF4
mp-12274, LaAl4Co
mp-12277, CaAgP
mp-12283, Li5Tl2
mp-12324, CsVP2S7
mp-12351, PrTe3
mp-12359, AgSbTe2
mp-12360, AgSbTe2
mp-12365, KThCuS3
mp-12374, CeSnRh
mp-12378, LaSnRh
mp-12381, PrSnRh
mp-12382, ErSi2Ni
mp-12386, ErSi3Ni
mp-12387, YbAsO4
mp-12388, Er3Al3NiGe2
mp-12398, Mg(CoGe)6
mp-12463, Ni(TePd)2
mp-12464, Co(PdSe)2
mp-12465, Co(TePd)2
mp-12466, Fe(PdSe)2
mp-12469, LaCd2Pd
mp-12480, ScPPt
mp-12487, CsDyCdTe3
mp-12488, CsErCdTe3
mp-12490, CsHoCdTe3
mp-12492, CsLuCdTe3
mp-12494, CsPrCdTe3
mp-12495, CsTbCdTe3
mp-12496, CsTmCdTe3
mp-12497, CsSmCdTe3
mp-12504, CeZnPt
mp-12505, LuAgSn
mp-12510, LaSnPd
mp-12515, LaZnSbO
mp-12516, NdZnSbO
mp-12520, SrNi2Ge
mp-12521, SrNi3Ge2
mp-12524, Al2W
mp-12531, Sn4As3
mp-12537, Ti2GaC
mp-12561, TaAs2
mp-12605, ReSi2
mp-12631, SrTcO3
mp-12681, LiMnTe2
mp-12682, NaMnTe2
mp-12684, LaAl
mp-12689, Er2InPd2
mp-12691, Lu2InPd2
mp-12695, CaMg2Ni9
mp-12697, Sc(MnSn)6
mp-12710, PrZnPd
mp-12716, LiTlPd2
mp-12724, SrZn
mp-12728, EuTmCuS3
mp-12741, MgPd2
mp-12742, MgPd3
mp-12746, Ce2Ga10Pd
mp-12751, PuNi
mp-12780, Sr(GaAu)2
mp-12781, ScAl2Ni
mp-12782, YbAl2Ni
mp-12783, Sr(CdGa)2
mp-12784, YbAlAu
mp-12791, SmCuSn
mp-12803, BaEr2F8
mp-12804, SmAlSi
mp-12806, Cu2GeTe3
mp-12813, YbIn2Rh
mp-12815, Na2LiAu3
mp-12854, ZnCu2GeTe4
mp-12855, Cu2HgGeSe4
mp-12856, Pr(AlSi)2
mp-12857, Mn3N2
mp-12860, Na3Cu2SbO6
mp-12863, Ba(AlSi)2
mp-12872, ErIn5Co
mp-12875, ReO2
mp-12895, YbGa4Ni
mp-12896, NdAl4Co
mp-12899, HoSi
mp-12900, HoSi
mp-12901, Tb6FeSb2
mp-12902, ErAgTe2
mp-12904, HoAgTe2
mp-12911, Ba2LaRuO6
mp-12912, Ba2PrRuO6
mp-12919, LaPIr
mp-12920, CePIr
mp-12921, PrPIr
mp-12922, NdPIr
mp-12923, SrPIr
mp-12929, SmAsO4
mp-12931, SmTaO4
mp-12932, TbTaO4
mp-12933, TmTaO4
mp-12944, HoAsO4
mp-12951, ZrGaAu
mp-12952, HfGaAu
mp-12953, TmAgTe2
mp-12964, TbNi4B
mp-12965, ErNi4B
mp-12972, Zr6Sb2Pt
mp-12974, Pr2CdPd2
mp-12975, Sm2CdPd2
mp-12977, Dy2CdPd2
mp-12985, PrCo2B2C
mp-12986, PrB2Pt2C
mp-12996, LaMg2Pd
mp-13001, Ba2HoTaO6
mp-13005, LaCrGe3
mp-13007, PrCrGe3
mp-13008, NdCrGe3
mp-13009, SmCrGe3
mp-13010, YSn2
mp-13018, UCo4Sn
mp-13025, YbZnPd
mp-13026, YbZnPt
mp-13027, YbZnAu
mp-13038, Dy2C(NO)2
mp-13039, Tm2C(NO)2
mp-13041, Yb2C(NO)2
mp-13045, EuCuSn2
mp-13069, Er(AlGe)2
mp-13074, LuNiPb
mp-13089, Cu2SnTe3
mp-13090, YMgAl
mp-13118, CeZn3Pd2
mp-13120, CeSi3Ru
mp-13121, CeGe3Rh
mp-13122, CeGe3Ir
mp-13123, LaGe3Rh
mp-13125, PrCoGe3
mp-13135, Eu(ZnSn)2
mp-13136, WC
mp-13159, GdZnGe
mp-13160, YZnGe
mp-13162, TbZnSn2
mp-13163, TbZnSn
mp-13166, YbAgO2
mp-13172, YMgCu4
mp-13189, SrLuCuS3
mp-13200, LuCuSn
mp-13208, Mg2Pt
mp-13212, GdCuGe
mp-13240, ScInCu4
mp-13250, LaSnPt
mp-13254, CeMgZn2
mp-13263, Ce2Mo2C3
mp-13264, Sm2Mo2C3
mp-13265, ErAgSn
mp-13268, GdCo4B
mp-13270, CaAg2
mp-13271, ErAsPd
mp-13272, BaAlGe
mp-13311, SrAlGe
mp-13312, ScTlS2
mp-13313, ScTlSe2
mp-13314, ScTlTe2
mp-13322, LiGeRh2
mp-13334, ZnSnO3
mp-13339, EuCuTeF
mp-13349, KUCuS3
mp-13357, Yb2MgSi2
mp-13361, Cd2Cu(PO4)2
mp-13363, SiPt3
mp-13364, CaZn2
mp-13376, SmZnRh
mp-13378, TbZnRh
mp-13379, DyZnRh
mp-13380, HoZnRh
mp-13381, CeZnPd
mp-13382, CeZnPd
mp-13401, Yb(CuGe)2
mp-13427, Sr3Hg2
mp-13429, La2CdRh2
mp-13444, LiSn
mp-13450, HfSb
mp-13459, NaCdSb
mp-13472, HfSiRh
mp-13474, LiErGe
mp-13475, CeSi2Ir3
mp-13483, PrBPt4
mp-13485, Eu(AlAu)2
mp-13495, ZrPd
mp-13497, Er2Mg
mp-13498, Tb2Mg
mp-13499, HoMg2
mp-13501, ErCoC2
mp-13502, TmCoC2
mp-13503, ScZn2
mp-13504, CeAl4Co
mp-13505, CeMg2Ni9
mp-13508, Er4In(NiGe2)2
mp-13510, Ho4In(NiGe2)2
mp-13511, Tm4In(NiGe2)2
mp-13512, CaNiGe2
mp-13513, SrNiGe2
mp-13520, Na2ZnGe
mp-13525, HoInIr
mp-13530, SmAsO4
mp-13532, La2ZnNi2
mp-13534, LaZnNi
mp-13535, Tb2ZnNi2
mp-13536, TbZnNi
mp-13549, CeZnAu
mp-13554, SnHgO3
mp-13567, CeS2
mp-13568, NdS2
mp-13570, Mg(ScGa)2
mp-13572, ScSiPt2
mp-13576, EuAsO4
mp-13579, ErGePt
mp-13580, LuGePt
mp-13583, Sc2Si2Ru
mp-13589, CuB(CN)4
mp-13590, LiB(CN)4
mp-13688, Ge2Mo
mp-13694, PrCuO2
mp-13815, Rb2NaErF6
mp-13816, Cs2NaErF6
mp-13829, TlCu3S2
mp-13854, B3Ru2
mp-13961, NdAs2
mp-13967, Nb5(CuSi)4
mp-14000, UCdO4
mp-14005, KRuO4
mp-14093, TbOF
mp-14142, TiZnO3
mp-14193, K2ThF6
mp-14232, LiBO2
mp-14241, Tl2SiSe3
mp-14242, Tl2GeSe3
mp-14336, Cs2Ni3Se4
mp-14338, Cs2Pt3Se4
mp-14445, Ca(BIr)2
mp-14568, BaMgF4
mp-14622, Y(BIr)2
mp-14696, La2B4Rh5
mp-14785, Ba(Cu2P)4
mp-14786, Ba(Cu2As)4
mp-14787, Tm2S3
mp-14793, Mg2SiPt
mp-14796, KPt2Se3
mp-14797, RbPt2Se3
mp-15009, La3(GeRh)4
mp-15120, RbFe2Se3
mp-15121, RbFe2Te3
mp-15123, Th(AlC)4
mp-15226, CrWN2
mp-15252, Cu2GeS3
mp-15297, Hf6NiSb2
mp-15325, BaAs3
mp-15567, Na3AuS2
mp-15571, K3AuSe2
mp-15588, Ce(BRu)2
mp-15605, ScSi3Ni2
mp-15608, Ba(MnAs)2
mp-15622, HfSe3
mp-15624, Sr2Sb
mp-15652, Rh3(PbS)2
mp-15653, CeSi2Ni
mp-15670, Y5S7
mp-15671, Re3B
mp-15695, YAsPt
mp-15753, Ba3(LiAs)4
mp-15805, Mn3ZnN
mp-15827, Ho2Ge2Os
mp-15888, Ba2YIrO6
mp-15889, Ba2LaIrO6
mp-15895, Cu2SiS3
mp-15901, Li2LaTa2O7
mp-16032, Pr2TeO2
mp-16033, Sm2TeO2
mp-16035, Gd2TeO2
mp-16036, Tb2TeO2
mp-16037, Dy2TeO2
mp-16043, Mg(As2Rh3)2
mp-16044, Ca(As2Rh3)2
mp-16045, Sr(As2Rh3)2
mp-16052, Ba(Cu2As)2
mp-16053, CuSiO3
mp-16060, AgAuF4
mp-16234, CsAg3Se2
mp-16254, BaCuP
mp-16259, Ca(GeIr)2
mp-16260, Ca(GePd)2
mp-16261, Ca(GeRh)2
mp-16371, ThGe2
mp-16372, ThGe2
mp-16421, Zr2CuSb3
mp-16506, Li3Al2
mp-16514, Al3Ni5
mp-16548, ZrTiF6
mp-16564, ZnCu2SnSe4
mp-16565, CdCu2SnSe4
mp-16566, Cu2SnHgSe4
mp-16638, Nd2MgCu2
mp-16641, YbSn2Pd
mp-16644, PrMgPt
mp-16645, SmMgPt
mp-16646, PrMgRh
mp-16648, LiSn4Rh
mp-16652, Tb2MgPd2
mp-16734, SmNiAs
mp-16740, TiGePd
mp-17023, UNi2
mp-17193, Ca3GeO
mp-18450, Lu(FeGe)6
mp-18723, BaV2(NiO4)2
mp-18724, Sr2CoO4
mp-18728, NaFe2O3
mp-18733, AlTl(MoO4)2
mp-18734, HoVO4
mp-18740, V2Cd2O7
mp-18745, LaMnSbO
mp-18747, SrMoO3
mp-18754, DyCrO4
mp-18755, NdMnSbO
mp-18764, Ba2SrWO6
mp-18775, Fe3PO7
mp-18782, LiFeO2
mp-18784, DyVO4
mp-18785, CrWO4
mp-18799, YbVO4
mp-18812, NdVO4
mp-18814, MnCO3
mp-18825, YCrO4
mp-18833, Sr3Cr2O8
mp-18834, SrMoO4
mp-18837, KSc(MoO4)2
mp-18849, Fe2P2O7
mp-18857, Sr2FeMoO6
mp-18868, RbFe(MoO4)2
mp-18875, MgWO4
mp-18876, K3CrO8
mp-18878, LiFeAs2O7
mp-18880, ErVO4
mp-18881, KCr4O8
mp-18893, Ca2Mn3O8
mp-18904, Ba2NdMoO6
mp-18912, Na5NiSO2
mp-18913, Ba3Cr2O8
mp-18918, ZnWO4
mp-18919, CoPdO2
mp-18921, NaCoO2
mp-18937, V2O3
mp-18939, LiCo(CO)4
mp-18949, VFeO4
mp-18956, SmCrO4
mp-18960, ErVO4
mp-18969, FeCO3
mp-18977, Ba2CaWO6
mp-18986, Ba2MgWO6
mp-18993, LuVO4
mp-18995, Ba2FeMoO6
mp-19006, MnO
mp-19009, NiO
mp-19025, LaMnO3
mp-19035, BaFeO3
mp-19039, CdMoO4
mp-19051, LaCoO3
mp-19055, HoCrO4
mp-19068, TmVO4
mp-19076, HoCrO4
mp-19079, CoO
mp-19082, TiMnO3
mp-19093, Ba2UNiO6
mp-19094, VO2
mp-19097, FeBO3
mp-19119, Sr2NiOsO6
mp-19121, TbVO4
mp-19124, Ca3Mn2O7
mp-19126, NdCrO4
mp-19132, HgWO4
mp-19133, YVO4
mp-19138, BaNiO3
mp-19142, Mn2V2O7
mp-19147, NiCO3
mp-19157, LaMnO3
mp-19162, LaVO4
mp-19164, BaDy2CoO5
mp-19168, LaMnO3
mp-19169, PrVO4
mp-19177, CrO2
mp-19178, CoAgO2
mp-19182, Ba2CaWO6
mp-19191, Nd2NiO4
mp-19198, CoSO4
mp-19214, CeVO4
mp-19215, CaCrO4
mp-19247, ScVO4
mp-19248, BaSm2CoO5
mp-19258, Ba2SmMoO6
mp-19272, TbCrO4
mp-19276, BaMoO4
mp-19317, Yb(FeO2)2
mp-19323, SmVO4
mp-19326, MnO2
mp-19330, CaMoO4
mp-19332, BaGd2NiO5
mp-19338, LiMoO2
mp-19339, LaNiO3
mp-19340, LiVO2
mp-19352, KAl(MoO4)2
mp-19360, LuCrO4
mp-19363, HgMoO4
mp-19365, Ba3V2O8
mp-19366, Lu(FeO2)2
mp-19372, WO2
mp-19380, CrHgO4
mp-19386, Sr3V2O8
mp-19387, CdWO4
mp-19389, Ba2NdMoO6
mp-19399, Cr2O3
mp-19403, Ba2CaMoO6
mp-19405, Ni(AgO)2
mp-19407, MnWO4
mp-19415, Er(FeO2)2
mp-19419, LiFeO2
mp-19420, Sr2MgWO6
mp-19421, FeWO4
mp-19426, CaWO4
mp-19435, CoMoO4
mp-19438, LiMnO4
mp-19450, ScTl(MoO4)2
mp-19714, GdGeRu
mp-19722, MnCu2SnS4
mp-19725, Hf(FeGe)6
mp-19731, CeMgPd
mp-19735, La2CuO4
mp-19737, LaMnSi
mp-19740, YInPt
mp-19743, LaFeGe3
mp-19745, GdInIr
mp-19747, Ni3(PbSe)2
mp-19763, EuGe3Pt
mp-19766, CeSnPd
mp-19767, DyCoSi
mp-19768, NiAsRh
mp-19774, Eu(CdSb)2
mp-19786, UCoAs2
mp-19787, Sr(GeRu)2
mp-19788, Tb2Ge2Ru
mp-19791, Ca(GeRu)2
mp-19798, EuGePt
mp-19804, In2Co3S2
mp-19807, Co3(SnS)2
mp-19808, Eu(ZnGe)2
mp-19813, Ba2GdCu3O7
mp-19814, NiAs2
mp-19817, Y3InC
mp-19824, Ca(MnGe)2
mp-19827, CeAlPt
mp-19832, BaCoS2
mp-19839, LaGa2
mp-19858, Sr
mp-19866, UTeS
mp-19878, YbMnGe
mp-19880, FeTe2
mp-19885, InGaS3
mp-19897, Eu2TeO2
mp-19898, LaGeRu
mp-19900, La(GeRu)2
mp-19901, EuInAu
mp-19902, UCuAs2
mp-19906, Zr2InNi2
mp-19910, Ce2MgNi2
mp-19914, RbGdTe4
mp-19917, ZrSiTe
mp-19922, LuNiGe
mp-19927, CeZnGe
mp-19928, Hf2CuSb3
mp-19934, CeMgPt
mp-19937, NpSi
mp-19939, La(CoGe)2
mp-19940, VAs
mp-19945, Gd2MgGe2
mp-19967, LuMnSi
mp-19973, LaCoGe3
mp-19979, La(NiGe)2
mp-19988, SmGa5Co
mp-19991, SrIn4Pd
mp-19997, EuIn2Ni
mp-20001, SrSnPt
mp-20012, InSb
mp-20021, DySn2
mp-20022, CeGeIr
mp-20024, LaCuSn
mp-20037, PrInRh
mp-20038, Eu(CoP)2
mp-20044, La(NiAs)2
mp-20050, InP3
mp-20051, CeBPt4
mp-20058, GdAlPd
mp-20066, CO2
mp-20067, Na5OsO6
mp-20070, GdTiGe
mp-20074, SrIn2
mp-20077, USe2
mp-20082, Yb(As2Rh3)2
mp-20083, ScCuSi
mp-20085, LaTiGe3
mp-20086, MnSn2
mp-20092, EuTa2O6
mp-20107, MnCuAs
mp-20108, CaIn4Pd
mp-20112, Ni3Sn
mp-20121, UFeSi
mp-20134, KCN
mp-20136, BaPb
mp-20139, Mn3Ge
mp-20151, Eu(AlGe)2
mp-20155, CoSn2
mp-20172, ErMnGe
mp-20178, CeBO3
mp-20188, GdCuAs2
mp-20189, SrMnGe
mp-20190, LaZnSn
mp-20194, CeO2
mp-20195, LaMnGe
mp-20196, NbTe4
mp-20197, Cr2GaC
mp-20201, NdZnSn
mp-20202, MgSn4Ru
mp-20203, MnCuP
mp-20208, Sm(Sn3Ru2)2
mp-20215, LaS
mp-20220, CaInRh
mp-20224, GdInPd
mp-20228, MnGaNi2
mp-20233, CaMnSn
mp-20235, CaMnGe
mp-20240, YbIn2Pd
mp-20242, RbMnAs
mp-20249, MnCoP
mp-20261, Mn(GaSe2)2
mp-20268, TiGePd
mp-20273, Ca3PbO
mp-20293, SmGePt
mp-20294, CeIn5Rh
mp-20296, In2Co
mp-20301, La2Pd2Pb
mp-20303, LaIn4Ni
mp-20311, FeSe
mp-20320, InTe
mp-20322, La(CuGe)2
mp-20332, GdMgPd
mp-20335, MnNbP
mp-20337, ZrPbO3
mp-20340, EuN
mp-20341, U(MnGe)2
mp-20346, TbInCo2
mp-20354, MgMnGe
mp-20355, Ce2CoSi3
mp-20357, Ce2InPt2
mp-20363, LiGa2Pt
mp-20369, CeIn3
mp-20370, UCuPO
mp-20374, Ho2C(NO)2
mp-20378, CaInAu
mp-20384, CeAgAs2
mp-20390, PrSnPt
mp-20393, Sr2InPt2
mp-20400, Ce(GePt)2
mp-20404, Sm2InPd2
mp-20408, InGaTe2
mp-20410, Ho(BC)2
mp-20420, KGdTe2
mp-20422, KMnP
mp-20426, Fe2As
mp-20434, GdSnAu
mp-20444, GdIn2Rh
mp-20448, Gd(MnSi)2
mp-20449, CeInIr
mp-20461, BaPbO3
mp-20465, As2Pd
mp-20476, In2CuO4
mp-20479, SrIn4Ni
mp-20483, Pb
mp-20490, NdNiSn
mp-20492, ScSiRh
mp-20497, SrIn2Ir
mp-20498, YbGeRh
mp-20505, Ta2InCuTe4
mp-20526, PbS
mp-20527, La(FeGe)2
mp-20531, NdCoGe
mp-20533, SrIn2Pt
mp-20536, CoSn
mp-20540, YbSbPd
mp-20541, V2P
mp-20553, GdMnSi
mp-20557, YSiNi
mp-20560, CeS
mp-20568, LaAgGe
mp-20575, Nd2InGe2
mp-20584, RbEuS2
mp-20588, ZrCuSiP
mp-20591, Yb2InGe2
mp-20595, Eu(AlSi)2
mp-20597, TbMnSi
mp-20615, EuGePd
mp-20624, La2(Zn2Ge)3
mp-20627, YbGa5Co
mp-20633, PbO2
mp-20635, TbIn5Rh
mp-20639, BaMnGe
mp-20647, Nd2ScSi2
mp-20649, Y(MnGe)2
mp-20650, CeCrGe3
mp-20662, Sn4Pt
mp-20664, Mn2Sb
mp-20666, SmIn2Rh
mp-20668, Dy(MnGe)6
mp-20669, Ca2In
mp-20671, UCoGe
mp-20673, Mg(FeGe)6
mp-20674, Ba2YCu3O7
mp-20683, Cu3Se2
mp-20690, NdFeSi
mp-20697, ZrNiSb
mp-20708, In2Ni3S2
mp-20710, CeSiNi
mp-20714, FeSb2
mp-20715, Pr2InGe2
mp-20716, PbSeO3
mp-20717, CrAs
mp-20723, Ca2PbAu2
mp-20724, Mg2Pb
mp-20727, Sb2PbO6
mp-20728, GdNi2B2C
mp-20732, EuAsPt
mp-20733, ErSiIr
mp-20738, FeSi2
mp-20743, LaInPd2
mp-20744, ZrInNi2
mp-20746, YbIn2Au
mp-20747, LiSi3Pd
mp-20748, Dy4In(NiGe2)2
mp-20752, Ce(Sn3Ru2)2
mp-20753, CeCoC2
mp-20759, SrMnSn
mp-20761, LaCoGe
mp-20765, NpSi
mp-20766, CeCuGe
mp-20768, ZnFeSb
mp-20771, Eu(ZnGe)2
mp-20774, NdCuSn
mp-20785, Nd(FeGe)2
mp-20787, FeB
mp-20789, SmInRh
mp-20792, Ca2InPd2
mp-20793, Ga2FeS4
mp-20800, ZrIn2
mp-20815, SnPbF4
mp-20816, Gd2AlGe2
mp-20824, Sr2CaTlCu2O7
mp-20826, CuTe
mp-20834, CeSnPt
mp-20835, CeSnIr
mp-20836, Nd(NiAs)2
mp-20838, CaIn4Ir
mp-20841, Ba2CaIrO6
mp-20843, Sr2InPd2
mp-20844, Dy3(CuSn)4
mp-20875, TbInRh
mp-20878, PbO
mp-20886, CeZnSn
mp-20887, VSn2
mp-20890, Eu(FeAs)2
mp-20892, ZrFeP
mp-20896, TmInNi4
mp-20905, OsS2
mp-20908, Ce(BC)2
mp-20910, LaGe3Ir
mp-20914, NdIn2Ir
mp-20917, U2Fe3Ge
mp-20923, EuSbPt
mp-20928, Sb2Ru
mp-20930, InCuO2
mp-20932, NbNiP
mp-20936, Ba2PrCu3O7
mp-20959, Ce2InGe2
mp-20972, YbIn5Co
mp-20975, CeIn5Ir
mp-20976, Eu(BIr)2
mp-20982, K3Cu2F7
mp-20987, YZnSn
mp-20998, LiCaPb
mp-21001, Y(GeRu)2
mp-21002, LaIn2Rh
mp-21006, Ce(NiAs)2
mp-21007, SmSnPt
mp-21010, PrSnRu
mp-21024, SrIn2Pd
mp-21027, CaIn2Pt
mp-21032, BaIn2Pt
mp-21033, La(GePd)2
mp-21048, CrP
mp-21051, EuInPt
mp-21052, Tb2InPd2
mp-21054, PrSnPd
mp-21061, GdSbPd
mp-21062, YbMnGe
mp-21065, SiP2
mp-21068, CaIn2
mp-21075, HfC
mp-21077, LaNiGe2
mp-21096, CaMnSi
mp-21113, Y(FeGe)2
mp-21116, CeCoGe3
mp-21119, CeNiSn
mp-21124, SrIn4Pt
mp-21136, Ce3Ni2B2N3
mp-21139, Mn2SnS4
mp-21141, Fe2CuGe2
mp-21154, TbMnGe
mp-21161, SmSnPt
mp-21167, Ni2P
mp-21187, CaIn
mp-21188, CeNi
mp-21190, PbSO3
mp-21194, NdGeRu
mp-21195, Gd(Al2Cr)4
mp-21198, DyAgSn
mp-21199, Na3(GePt)4
mp-21205, Tm2InPd2
mp-21209, Cu3(AsO4)2
mp-21218, La(GePt)2
mp-21220, CaIn4Rh
mp-21223, YbIn2Ni
mp-21232, TmInRh
mp-21236, BaPPt
mp-21242, LiYbPb
mp-21246, Ba2Pb
mp-21248, NbSiIr
mp-21252, GdCo3B2
mp-21255, FeGe
mp-21258, EuIn2Pd
mp-21268, SiAs2
mp-21271, PrMnGe
mp-21278, CeIn2Ir
mp-21280, BaPbO3
mp-21283, Cs2PbO3
mp-21288, La2InGe2
mp-21290, HoInPt
mp-21293, Li3In2
mp-21297, LiSn4Ru
mp-21316, TaSiIr
mp-21336, TaFeP
mp-21340, HfGePt
mp-21343, CeB6
mp-21344, CuGeO3
mp-21345, LaGe
mp-21346, U3Si2
mp-21347, CoBMo
mp-21348, Ba2EuTaO6
mp-21350, Pr2MgGe2
mp-21352, NaIn2Au
mp-21354, EuCuSF
mp-21356, EuCuSeF
mp-21357, U2Fe2Sn
mp-21364, HoCuAs2
mp-21367, LaIn2Pd
mp-21371, VCoSi
mp-21372, CePRuO
mp-21375, CeMgGa
mp-21379, SmInIr
mp-21382, Dy2AlGe2
mp-21387, CeInPd
mp-21388, U(CuGe)2
mp-21399, CeMnGe
mp-21402, PrCr2Si2C
mp-21407, EuAl9Co2
mp-21413, RbMnP
mp-21420, Nd(MnGe)2
mp-21433, TbTiGe
mp-21436, GdCuSn
mp-21439, YbMnSi
mp-21441, CeSiIr
mp-21443, Ce2Pd2Pb
mp-21445, Ba3In2O5F2
mp-21446, BaPb3
mp-21449, NbCoP
mp-21450, Nd2InPd2
mp-21451, Ba2SmCu3O7
mp-21453, PrSnPt
mp-21456, SmMgIn
mp-21460, CeIn2Pd
mp-21474, Eu(MnP)2
mp-21477, RbIn4
mp-21478, U(CuP)2
mp-21487, EuIn2Rh
mp-21490, CeSnPd
mp-21499, YbInPd
mp-21503, YMgIn
mp-21504, V4GaSe8
mp-21508, Y2Pd2Pb
mp-21509, LaMgGa
mp-21849, Eu(SiIr)2
mp-21853, SmIn2Ir
mp-21866, Dy2InAu2
mp-21868, Ba2Lu(CuO2)3
mp-21869, Gd(Sn3Ru2)2
mp-21870, Pr2InPd2
mp-21875, Y4GaCo4
mp-21879, Ba2CePtO6
mp-21885, Ca2InPt2
mp-21891, PrSi2Mo2C
mp-21894, LiSn4Ir
mp-21897, YbIn4Pt
mp-21900, Ce(SiIr)2
mp-21901, SrIn4Ir
mp-22008, EuIn4Pd
mp-22009, PbSe
mp-22017, LaIn2Ir
mp-22028, GdMgPt
mp-22031, EuSnPd
mp-22032, TbInIr
mp-22035, KFe2S3
mp-22036, ZrSbPd
mp-22041, HoGeRu
mp-22053, FeCu2GeS4
mp-22056, YIn2Ni
mp-22065, UGePt
mp-22085, DyCuPb
mp-22115, TbSbRh
mp-22116, EuGe2
mp-22131, SmGa4Co
mp-22133, Eu(ZnSi)2
mp-22141, BaIn2
mp-22150, Zr2InCo2
mp-22152, NaFeAs
mp-22162, YbNiSn
mp-22181, Gd(GePd)2
mp-22188, DyCuSn
mp-22197, UNi4Sn
mp-22204, Co2P
mp-22206, TbCoSi
mp-22215, Ba2Y(CuO2)3
mp-22222, HoSiIr
mp-22228, DyCoSn
mp-22231, UTe3
mp-22234, Eu2C(NO)2
mp-22238, TbSnPt
mp-22239, GeRh
mp-22249, CeSbRh
mp-22253, Zn(InS2)2
mp-22256, NdMnSi
mp-22258, HfSiMo
mp-22262, CoMoP
mp-22268, ZrPRu
mp-22270, CoP
mp-22275, YSnPt
mp-22284, SrInPt
mp-22286, Ag5(PbO3)2
mp-22287, NbGeIr
mp-22292, EuCuSb
mp-22293, PrZnSn
mp-22299, TbNiSn
mp-22306, Eu2CuO4
mp-22317, EuGa2
mp-22318, SrAl2
mp-22319, UB12
mp-22322, EuInPd
mp-22338, EuOF
mp-22346, BaGe3Pt
mp-22374, U(CuSi)2
mp-22376, PrNiSn
mp-22386, InAgTe2
mp-22392, SmCuSeF
mp-22394, ThRu3C
mp-22395, KCeSe4
mp-22397, Nd(GeRu)2
mp-22400, MnCu2SnSe4
mp-22418, Sr3(SnIr)4
mp-22419, NdSnPd
mp-22426, ScSiNi
mp-22435, CeBPt3
mp-22438, Ce(SiPt)2
mp-22440, LuSiIr
mp-22441, Ba2MgReO6
mp-22442, Ba2NaOsO6
mp-22451, MoPRu
mp-22453, YbGePt
mp-22475, EuSbAu
mp-22480, GdScSi
mp-22490, Sc3(NiGe)4
mp-22498, CrSb2
mp-22510, FeGe
mp-22511, Ce2MgGe2
mp-22529, SrInAu
mp-22531, Ba2GdNbO6
mp-22562, YS
mp-22585, GeRh2
mp-22595, UAsSe
mp-22596, Ni3(PbS)2
mp-22602, CaIn2Au
mp-22609, Eu(CdP)2
mp-22611, InFe2CuSe4
mp-22612, FeCu2SnSe4
mp-22617, YNiSn
mp-22620, CeZnSbO
mp-22643, Tb3(CoGe2)2
mp-22646, InPd2
mp-22648, FeCu2SnS4
mp-22656, GdInPt2
mp-22662, TiGaPt
mp-22667, UFeS3
mp-22678, Ce2Sb
mp-22683, CeCuSn
mp-22687, BaIn4
mp-22691, InSe
mp-22700, V3Se4
mp-22701, ScFeSi
mp-22707, EuAgSb
mp-22713, Ce2Ni2Sn
mp-22717, CaIn2Pd
mp-22722, NbSiPd
mp-22723, DyInIr
mp-22729, La3(GePd)4
mp-22736, InCuS2
mp-22739, BaFe2S3
mp-22740, CeCuSi
mp-22742, EuSn2Ir
mp-22752, FeSn2
mp-22760, La(MnGe)2
mp-22761, CeCuSn
mp-22765, Eu2Si3Pd
mp-22767, ThGa4Co
mp-22779, YbSnPt
mp-22780, BaIn2Ir
mp-22808, Dy3(AgSn)4
mp-22810, Ce2MgCu2
mp-22811, InCuSe2
mp-22812, In2Ir
mp-22817, TaTe4
mp-22849, BiI3
mp-22850, RuCl3
mp-22853, MoCl3
mp-22855, HgCl2
mp-22857, CrCl2
mp-22860, LaI
mp-22864, Bi2Pt
mp-22870, InBr
mp-22880, FeBr2
mp-22881, CdCl2
mp-22882, YbBr2
mp-22887, EuCl2
mp-22889, ZnCl2
mp-22892, RuBr3
mp-22893, PbI2
mp-22897, HgCl
mp-22939, BiClO
mp-22942, BaBiO3
mp-22945, TeRhCl
mp-22947, K2ReCl6
mp-22950, CsNiCl3
mp-22952, CeClO
mp-22953, YbCuBi
mp-22955, LiIO3
mp-22958, KBrO3
mp-22962, CsTiBr3
mp-22964, PbClF
mp-22965, BiTeI
mp-22967, Li2FeBr4
mp-22968, NaClO4
mp-22969, PbIF
mp-22971, SbSBr
mp-22977, CsVCl3
mp-22978, Rb2MnCl4
mp-22980, Li2CoCl4
mp-22981, TlIO3
mp-22987, BiIO
mp-22992, TiClO
mp-22996, SbSeI
mp-22997, PbBrCl
mp-22998, CrSBr
mp-23003, Ce2BiO2
mp-23005, Bi4Te7Pb
mp-23011, RbClO3
mp-23020, BiSeI
mp-23021, K2ReBr6
mp-23022, KClO3
mp-23034, SrZnCl4
mp-23045, BNCl2
mp-23048, CsMnBr3
mp-23050, GdClO
mp-23053, PbICl
mp-23057, CsLiBr2
mp-23058, NdClO
mp-23062, YCI
mp-23065, CsCu2Cl3
mp-23072, BiBrO
mp-23074, BiOF
mp-23077, Cs2UCl6
mp-23083, KAs4BrO6
mp-23085, Ba2Cu3(ClO2)2
mp-23102, Sr2Cu(ClO)2
mp-23104, Pb2ClOF
mp-23108, Cs2NaUCl6
mp-23126, KAs4IO6
mp-23129, Ba2Cu3(BrO2)2
mp-23133, Sr2Cu3(BrO2)2
mp-23138, SbPbClO2
mp-23143, Ca2Cu(ClO)2
mp-23152, Bi
mp-23160, ThBr4
mp-23161, NpCl4
mp-23162, ZrCl2
mp-23163, CsBi2
mp-23173, HgI2
mp-23176, SbCl5
mp-23177, HgBr
mp-23183, NdCl3
mp-23185, XeF4
mp-23192, HgI2
mp-23194, LaI2
mp-23199, BaCl2
mp-23202, InI
mp-23204, FeCl3
mp-23208, UCl3
mp-23210, MgCl2
mp-23211, PrCl3
mp-23215, ThCl4
mp-23218, AsI3
mp-23219, CuBr2
mp-23223, TiI3
mp-23224, BiTe
mp-23232, FeBr3
mp-23235, UCl4
mp-23244, UI3
mp-23247, ZrBr3
mp-23253, RbBi2
mp-23255, UBr3
mp-23265, GdCl3
mp-23275, TiCl3
mp-23279, KBi2
mp-23281, SbI3
mp-23282, ZrI3
mp-23293, TbCl3
mp-23305, EuI2
mp-23309, ScCl3
mp-23318, BiSCl
mp-23324, BiSBr
mp-23382, Y4CI5
mp-23383, Rb2TeBr6
mp-23431, CsCu2I3
mp-23435, Bi2TeI
mp-23450, RbIO4
mp-23454, CsAgBr2
mp-23471, K2RuCl6
mp-23483, Rb2CrCl4
mp-23486, RbNiCl3
mp-23499, K2SnCl6
mp-23514, BiSI
mp-23516, Cu2Cl2O
mp-23536, SbI3Cl8
mp-23546, Na2UI6
mp-23548, AgBiO3
mp-23556, Rb3Mn2Cl7
mp-23562, KIO4
mp-23684, NaHCO2
mp-23704, NaAlH4
mp-23709, Mg(AlH4)2
mp-23711, MgH2
mp-23713, CaH2
mp-23715, BaH2
mp-23771, SmH3(CO2)3
mp-23794, H4NF
mp-23795, CuH4(OF)2
mp-23803, GaHO2
mp-23807, AlHO2
mp-23837, NdH3(CO2)3
mp-23879, Ca(HO)2
mp-23891, NaHO
mp-23896, LuHCl
mp-23918, NaGaH4
mp-23940, NaHO
mp-24011, CeHSe
mp-24012, HoHSe
mp-24051, ErHCl
mp-24081, ScHCl
mp-24124, NdH2ClO2
mp-24148, LiLa2HO3
mp-24149, LiCe2HO3
mp-24150, LiNd2HO3
mp-24409, PH4I
mp-24433, KHSeO3
mp-25469, AlCl3
mp-27167, Sn2IF3
mp-27171, Hg2P2S7
mp-27175, InOF
mp-27176, NaMnCl3
mp-27178, HgPS3
mp-27179, CsCrBr3
mp-27205, TlCl2
mp-27215, CrI2
mp-27246, LuSBr
mp-27258, P3Au2
mp-27263, Rb2MnBr4
mp-27291, PaCl4
mp-27311, LaCO
mp-27335, NaAlSi
mp-27337, Xe(OF)2
mp-27359, CsScCl3
mp-27360, ReBiO4
mp-27361, Nb(SeCl)2
mp-27362, Nb(SCl)2
mp-27363, BaVSe3
mp-27368, NaLi5Sn4
mp-27373, SnClF
mp-27388, Ba(SiNi)2
mp-27393, AlPd5I2
mp-27396, NiCl2
mp-27401, NaIO4
mp-27410, Sn4P3
mp-27413, Mo8P5
mp-27440, ZrCl
mp-27449, GaTeCl
mp-27480, Sn2OF2
mp-27505, Fe3Sn2
mp-27507, ScCl
mp-27527, Te2AuI
mp-27529, PI3
mp-27536, UBrO2
mp-27552, TlPbI3
mp-27577, Cd2As3I
mp-27606, ZrAs2
mp-27609, U3Fe2Si7
mp-27616, ErSCl
mp-27617, Ce2SeF4
mp-27630, CrCl3
mp-27632, K2TcCl6
mp-27636, Cs2SnI6
mp-27639, IBr
mp-27652, ThI2
mp-27660, Ba(FeS2)2
mp-27661, U2Cl5O2
mp-27677, KCu4S3
mp-27679, LaBr
mp-27689, PH4Br
mp-27690, Sr3Zr2O7
mp-27707, RbCoCl3
mp-27710, CrB4
mp-27729, ICl3
mp-27741, TeAuI
mp-27793, Nb2Se
mp-27797, Li4H4Rh
mp-27816, Ag3BO3
mp-27837, NaHF2
mp-27850, TiNCl
mp-27868, VNCl4
mp-27891, Bi2SO2
mp-27898, Zr3AlN
mp-27922, GeI2
mp-27923, TbCl
mp-27924, TbBr
mp-27927, NbAlO4
mp-27929, LaCl
mp-27945, BiO
mp-27961, Zr3(Cu2Si3)2
mp-27962, CI4
mp-28002, Rb3Mn2Br7
mp-28044, TmCl3
mp-28051, SbTeI
mp-28056, P2Rh3
mp-28073, UCuO4
mp-28122, LiGdCl4
mp-28156, NaGdCl4
mp-28163, K2PdF4
mp-28166, K3BrO
mp-28233, MnCl2
mp-28235, Tl(CuO)2
mp-28282, RbTiCl3
mp-28283, CsTiCl3
mp-28313, NdCl2
mp-28323, Pd2Cl2O
mp-28339, CaPPt
mp-28368, TlAuCl4
mp-28369, GeH3Cl
mp-28383, KNaS
mp-28416, Ce3Sn7
mp-28439, KSc2F7
mp-28448, DyCl3
mp-28458, ErSeI
mp-28483, WBr6
mp-28508, Cd(HO)2
mp-28522, Gd2CBr
mp-28534, CaInBr3
mp-28545, RbLiO
mp-28572, LaBr2
mp-28580, Y2NCl3
mp-28607, UReB3
mp-28614, NaBPt3
mp-28628, Li3FeN2
mp-28629, Ta5B6
mp-28637, Li4FeN2
mp-28651, Cs2IrCl6
mp-28660, Ca2Cu6P5
mp-28665, NdSi2Ru
mp-28683, Ta(ICl)2
mp-28687, U2Cu4As5
mp-28688, SrHgO2
mp-28691, TaTe4I
mp-28698, Na4IrO4
mp-28702, Gd2B3C2
mp-28722, Pt(SCl3)2
mp-28724, Gd2CI
mp-28736, Pr4RuI5
mp-28742, Ca4Ni3C5
mp-28753, NdI2
mp-28755, GdCBr
mp-28760, KRbS
mp-28766, K2TiS3
mp-28770, Ca2FeN2
mp-28786, Zn(BIr)2
mp-28793, Mg2C3
mp-28795, LaSi2Ru
mp-28810, Na2CS3
mp-28835, LiScI3
mp-28838, U3(SiC)2
mp-28875, Hg2P3Cl
mp-28879, Ca5P8
mp-28895, Ba(P2Pd)2
mp-28896, CuBIr
mp-28897, BIrPd
mp-28899, Hg2As3Br
mp-28900, Cd2As3Br
mp-28910, CrS2
mp-28916, Mn3As2
mp-28919, Hf3Te2
mp-28928, DySBr
mp-28929, DySI
mp-28939, U4Te3O4
mp-28944, BiTeCl
mp-28945, Si2NiP3
mp-28952, PdSO4
mp-28954, Tl2PdSe2
mp-28969, Pr2NCl3
mp-28978, Ba2S3
mp-28998, Sn5(BIr3)2
mp-29005, U(Cr3P2)2
mp-29011, BiTePd
mp-29027, TaI2O
mp-29056, La3InC
mp-29057, Nb3SBr7
mp-29069, Na(CuS)4
mp-29076, FeWN2
mp-29083, NaErCl4
mp-29113, Ce3(Al2Si3)2
mp-29135, Zr6CoAs2
mp-29152, Zr2CoP
mp-29153, Zr2NiP
mp-29154, Hf2CoP
mp-29157, Si3P2Pt
mp-29175, Ca2AuN
mp-29190, Te4MoBr
mp-29196, AuCN
mp-29201, TbCd2F8
mp-29206, BaMnSb2
mp-29207, SrMnBi2
mp-29210, Li2Ga
mp-29234, InTeI
mp-29236, InTeBr
mp-29238, TlAgSe
mp-29241, Ca3SnO
mp-29308, Na5Co2S5
mp-29362, GaCuCl4
mp-29365, Li5BiO5
mp-29394, Gd2CCl2
mp-29400, CsFeCl3
mp-29419, Hf(Te2Cl3)2
mp-29422, HfCl4
mp-29443, PI2
mp-29455, Ga4GeO8
mp-29456, Rb2IN3
mp-29465, TaCl4
mp-29474, Na2Ti3Cl8
mp-29481, Rb2WBr6
mp-29496, Pd(SeBr3)2
mp-29510, Hg2TeO3
mp-29520, LiAuI4
mp-29535, CeSiI
mp-29556, Tl2WCl6
mp-29562, Tl2MoCl6
mp-29570, Ca2Si3Ag
mp-29577, CsBrO4
mp-29587, Pr3(BN2)2
mp-29588, Nd3(BN2)2
mp-29607, Ag(TeMo)6
mp-29615, Ca(MnBi)2
mp-29623, SrZnBi2
mp-29624, Mg2Al2Se5
mp-29635, PuGa
mp-29647, SmSb2
mp-29666, Bi2Te2Se
mp-29679, Hg2PCl2
mp-29711, Tl2Te3
mp-29719, LiNiN
mp-29736, YAlGe
mp-29740, Tl(ZnSb)2
mp-29744, RbMnSe2
mp-29748, TePdI
mp-29761, UCO5
mp-29763, RbMnBr3
mp-29770, Na3(Mn2Te3)2
mp-29771, MgC2
mp-29772, YGe3
mp-29806, Cs2PdI6
mp-29821, Gd4B3C4
mp-29829, LiAuS
mp-29862, SnBr2
mp-29868, LiAuC2
mp-29873, Rb2CdCl4
mp-29889, Tl2PdCl4
mp-29896, Y2B3C2
mp-29900, NiGe2
mp-29914, Er7(NiTe)2
mp-29941, Sc2C
mp-29964, La3(TaN3)2
mp-29973, SrN
mp-29986, La2Al2I
mp-30019, ZrCu2Te3
mp-30040, BaCdSb2
mp-30050, Ba(GeRu)2
mp-30060, Sn5(BRh3)2
mp-30089, CsH3O2
mp-30108, P2PbAu2
mp-30110, SrLaI4
mp-30111, BaLaI4
mp-30125, PrTe2Se
mp-30147, ZrTiAs
mp-30151, CuAuSe4
mp-30152, CeSbTe
mp-30156, LiMgN
mp-30175, Ca(AlZn)2
mp-30192, Pr4Se3O4
mp-30195, HoCuP2
mp-30200, Bi2CO5
mp-30207, La3GaBr3
mp-30208, YCuP2
mp-30227, Rb2WCl6
mp-30228, Li4HN
mp-30234, Cs2WCl6
mp-30247, Mg(HO)2
mp-30291, Tb4Se3N2
mp-30302, HfBrN
mp-30307, DyBiRh
mp-30312, Ca2SiIr2
mp-30363, BaAu2
mp-30401, KAu2
mp-30416, Rb4Sn2Au7
mp-30426, BaCdBi2
mp-30427, BaZnBi2
mp-30472, Ca2GaCu2
mp-30485, Ca3Zn
mp-30534, UCuP2
mp-30580, SrGaCu2
mp-30645, HoGa4Ni
mp-30670, Th3Ga2
mp-30770, LuMn5
mp-30805, SrNiSn3
mp-30834, SrSn3Pd
mp-30909, Sm(GaPd)2
mp-30919, LaGa6Pd
mp-30933, ZrBi
mp-30938, PAuS4
mp-30943, MgPSe3
mp-30945, Ga2PdBr8
mp-30946, Ga2PdI8
mp-30965, NaClO2
mp-30985, Tb6Br7
mp-30999, CuCl2
mp-31007, Tb5Br8
mp-31009, Ho(NiB)2
mp-31011, Y2Si2Rh
mp-31015, Ta3SBr7
mp-31017, Ce4B2N5
mp-31029, Nd2Ni5B4
mp-31031, La4PdO7
mp-31040, NbCl4
mp-31049, NdO2
mp-31052, LaBPt2
mp-31059, Ba(AlGe)2
mp-31066, LiUN2
mp-31072, Sc6Te2Rh
mp-31078, CeSiRh2
mp-31080, YAlSi
mp-31081, Sc(MnAl2)4
mp-31082, Li4ZrGe2
mp-31083, PrSi2Ru
mp-31087, Tb2Pd2Pb
mp-31088, Dy2Pd2Pb
mp-31089, Ho2Pd2Pb
mp-31090, Er2Pd2Pb
mp-31091, Lu2Pd2Pb
mp-31093, Dy2CoSi2
mp-31094, Tb2FeSi2
mp-31095, Er2FeSi2
mp-31098, YB2Ir3
mp-31100, CeIr3
mp-31103, Ni3Te2
mp-31136, Lu2NiSn6
mp-31138, MnPd3
mp-31144, Rb3Au7
mp-31152, CaGaPt
mp-31160, CaZnSn
mp-31163, Ce2Si3Rh
mp-31220, AlSiTe3
mp-31221, ThMn12
mp-31284, NaSn5
mp-31294, Sr2In3Rh2
mp-31297, ScInPt
mp-31298, ErSnRh
mp-31361, EuIBr
mp-31363, K2TaCl6
mp-31368, KClO2
mp-31383, Hf6CoBi2
mp-31406, Bi2TeSe2
mp-31433, LuNiSn4
mp-31470, Na4TlAu
mp-31491, Sm(GePd)2
mp-31495, AgTe2Au
mp-31496, Li2Sn2Au
mp-31498, BaPt
mp-31507, Sb2Te4Pb
mp-31509, BaIn
mp-31510, NbCuTe2
mp-32536, WBr4O
mp-32539, W(ClO)2
mp-32686, CoO2
mp-34202, Bi2Te3
mp-34232, K(AsRh)2
mp-36915, K6Fe2O5
mp-504506, RbIn(MoO4)2
mp-504567, Mn3(CuO4)2
mp-504580, VCuO3
mp-504613, Ce3(Si4Ni)2
mp-504708, CsCoCl3
mp-504747, V2Cu3O8
mp-504900, Eu(SbPd)2
mp-504927, CrCuO4
mp-504928, NaCu3Te2
mp-505016, CsMnAs
mp-505034, Cs2MnS2
mp-505105, Cu(HO)2
mp-505110, FeCuO2
mp-505158, CsHoS2
mp-505198, CsCu4Se3
mp-505212, Cs3AuO
mp-505215, Ba(Cu3As)2
mp-505244, FeCuSe2
mp-505249, Th(NiP)2
mp-505259, SmFePO
mp-505262, GdCuSeO
mp-505282, CeGeRh
mp-505292, Nd3(CuGe)4
mp-505313, BaGd2CoO5
mp-505331, CeMnSi
mp-505332, LaFeSi
mp-505373, AsSeI
mp-505502, Ce(PRh)2
mp-505515, Sr(CuSb)2
mp-505531, FeS
mp-505562, CrCuO2
mp-505589, BaYFeCuO5
mp-505611, Sr2Cu2Ni(SO)2
mp-505618, Ba2CuWO6
mp-505632, CsFeS2
mp-505769, Eu(CuSb)2
mp-505804, Ti2CuSb3
mp-505820, NiPS
mp-505824, Cs2PdC2
mp-510086, Ca2InN
mp-510152, DyNiSn
mp-510280, CeAgSb2
mp-510281, FeCuO2
mp-510294, Sr2CuWO6
mp-510408, MnO2
mp-510409, TiSiNi
mp-510421, CrO3
mp-510488, SmMnSbO
mp-510536, MoO2
mp-510557, CsN3
mp-510596, EuCuSeO
mp-510624, SrFeO3
mp-510625, CrCuO2
mp-510657, VCu3O4
mp-510696, Cs4Sn2Au7
mp-540540, PaBr3O
mp-540574, Cs2Hg3I8
mp-540783, OsO4
mp-540803, Sr3(LiSb)4
mp-540884, YCl
mp-540895, CsCo(CO)4
mp-540999, Cs2CuO2
mp-541013, TiI4
mp-541032, Te7As5I
mp-541073, SmSI
mp-541275, Cs2U(Cl2O)2
mp-541310, CaGaGe
mp-541365, LiEuH3
mp-541368, Tl4V2O7
mp-541449, CrGeTe3
mp-541487, TlPt2Se3
mp-541582, ReSe2
mp-541600, RbLaTa2O7
mp-541622, KCu3Te2
mp-541637, Er4I5
mp-541656, AuCl2
mp-541667, Nb(SeBr)2
mp-541753, Cs2WBr6
mp-541754, TiCu2Te3
mp-541785, GePdS3
mp-541837, Bi2Se3
mp-541911, HfNCl
mp-541912, ZrBrN
mp-541937, Zn(InS2)2
mp-542096, CrPS4
mp-542132, YbCuAs2
mp-542172, YbMgGe
mp-542251, LaCdAu
mp-542281, KGdTe4
mp-542314, NdCuSO
mp-542339, CsIn3
mp-542449, Sc5Cl8
mp-542454, Mo2As3
mp-542455, Ca2B5Os3
mp-542475, CsFe2S3
mp-542537, SrIn2Rh
mp-542623, Tl2SnS3
mp-542632, GdNi
mp-542640, GePt
mp-542644, Zn2In2S5
mp-542724, LaNbO4
mp-542752, Ce4Co2Sn5
mp-542757, EuClO
mp-542772, CsAgCl2
mp-542791, ZrNCl
mp-542812, GaTe
mp-542881, Ce3(CuSn)4
mp-542915, TiAl3
mp-543029, La2TeI2
mp-543045, Tl2CO3
mp-545344, NdTe2ClO5
mp-545346, LiGaAs2O7
mp-545369, CuBiTeO
mp-545436, Ba2YbBiO6
mp-545467, Li3(CuO2)2
mp-545479, B4CCl6O
mp-545487, Cs(CO)2
mp-545506, GdZnPO
mp-545525, NbCuO3F
mp-545529, NdBi2ClO4
mp-545539, Pr2BiO2
mp-545548, BaHf(PO4)2
mp-545598, UCdO4
mp-545603, Ba2BiSbO6
mp-545659, Ba2DyBiO6
mp-545728, PrBi2IO4
mp-545730, AgCNO
mp-545735, Ba2NdRuO6
mp-545788, Ba3ZnN2O
mp-545847, LuBi2BrO4
mp-545999, AgSbO3
mp-546082, TmBi2ClO4
mp-546152, SmBi2ClO4
mp-546190, Ag2O3
mp-546266, DyBi2IO4
mp-546279, ScBrO
mp-546285, NbI3O
mp-546292, YbClO
mp-546321, Ba2NdBiO6
mp-546350, TmBi2BrO4
mp-546621, ErBi2BrO4
mp-546625, HoBi2BrO4
mp-546672, LaBi2IO4
mp-546679, Nd2AlNO3
mp-546810, Rb(CO)2
mp-546862, HgPb2(ClO)2
mp-546920, Li(CO)2
mp-547017, LiAlAs2O7
mp-547125, TbBi2ClO4
mp-548479, Cs2U2O7
mp-548609, Tl2Cu(SO3)2
mp-548691, Sr2ZnReO6
mp-549127, HoBi2ClO4
mp-549308, LiGeBO4
mp-549333, NdBi2IO4
mp-549475, TbBi2BrO4
mp-549487, Sr2Cu(IO)2
mp-549490, KNb4O5F
mp-549580, Sr2Cu3(IO2)2
mp-549695, GdBi2ClO4
mp-549709, ErBi2ClO4
mp-549720, NbI2O
mp-549728, DyZnPO
mp-550070, NbBr2O
mp-550081, Ba2LaIrO6
mp-550111, SmBi2BrO4
mp-550117, Sm4Se3O4
mp-550306, YCu2Bi2(SeO2)2
mp-550437, GdTe2ClO5
mp-550514, LaTaN2O
mp-550553, CdBiClO2
mp-550566, EuBi2ClO4
mp-550635, LuBi2IO4
mp-550722, Ba2Tl2CuO6
mp-550805, LuBi2ClO4
mp-550820, SmZnPO
mp-550925, NaScAs2O7
mp-551101, HoBi2IO4
mp-551135, BaCuB2O5
mp-551250, ErBi2IO4
mp-551741, Zn2P2O7
mp-551816, YBi2IO4
mp-551826, NbTlBr4O
mp-551900, PrBi2BrO4
mp-551918, AlBiO3
mp-552008, DyBi2ClO4
mp-552016, YbBi2BrO4
mp-552028, Nd2Ti2S2O5
mp-552056, PbCClO2
mp-552089, Sr2Cu3O5
mp-552098, Bi2SeO2
mp-552177, Ce4Se3O4
mp-552185, AgNO3
mp-552191, Ba2TbBiO6
mp-552292, SmBi2IO4
mp-552454, SrTaNO2
mp-552604, YBi2ClO4
mp-552738, TmBi2IO4
mp-552802, ErU2S3O2
mp-552857, TbBi2IO4
mp-552963, Pr2Ti2S2O5
mp-552992, DyBi2BrO4
mp-553082, PrBi2ClO4
mp-553121, Sm2IO2
mp-553242, NdBi2BrO4
mp-553243, YBi2BrO4
mp-553248, CsLaNb2O7
mp-553278, Nd4Se3O4
mp-553896, K3MoF6
mp-553932, GaPO4
mp-553946, CoAsS
mp-554055, HoS
mp-554061, MnSbS2Br
mp-554072, K2CO3
mp-554074, NbS2
mp-554134, SnS
mp-554206, Cs2Al2As2O7
mp-554212, Tl2Ni3S2
mp-554238, CuBiSCl2
mp-554252, K2NaCrF6
mp-554310, TlBiS2
mp-554337, Rb2IrF6
mp-554451, BaFeF4
mp-554517, NaMnF4
mp-554519, Gd4Ti(SeO)4
mp-554623, Sm2Ta2Cl2O7
mp-554769, MoSBr
mp-554822, CsSb(PO4)2
mp-554867, Ta2O5
mp-554948, NaI(OF)2
mp-554959, K2Al2Sb2O7
mp-554971, ZrFeF6
mp-555014, Rb2MnF5
mp-555018, RbNa2AuO2
mp-555056, SbS2NCl6
mp-555096, PrS2
mp-555123, KMnF3
mp-555184, SmTiClO3
mp-555223, Cs2MnF5
mp-555234, RbSbBrF3
mp-555235, SiO2
mp-555293, NbS2
mp-555296, YbTaO4
mp-555321, BaNiF4
mp-555331, KGdPdO3
mp-555370, V(MoS2)2
mp-555403, K3WF6
mp-555425, K2Th(CuS2)2
mp-555741, RbAu(SO4)2
mp-555850, LuSF
mp-555860, EuTiClO3
mp-555934, VF2
mp-555949, KEuPdO3
mp-556004, Ba3In2Br2O5
mp-556045, KCuF3
mp-556094, AgBiSCl2
mp-556108, DyTiClO3
mp-556111, YSeF
mp-556135, GdSI
mp-556139, BaZr(PO4)2
mp-556194, SrSbSe2F
mp-556233, KAs4ClO6
mp-556275, Rb2Al2Sb2O7
mp-556320, Cs2NaFeF6
mp-556411, CaBi2(CO4)2
mp-556475, KLaPdO3
mp-556546, K2NiF4
mp-556560, MnF3
mp-556605, ZrO2
mp-556750, CoO2
mp-556850, BaMnF4
mp-556856, BaCSNCl
mp-556891, KFeF3
mp-556911, FeF2
mp-556939, NpIO
mp-557030, NaW2(Br3O)2
mp-557122, RbAu(SeO4)2
mp-557136, Cu3Se2(ClO3)2
mp-557179, NaSbS2
mp-557183, KNaZnO2
mp-557232, KSmPdO3
mp-557266, HgO2
mp-557296, Sr2MnSbO6
mp-557359, Cs2Al2Sb2O7
mp-557373, Cu2WS4
mp-557483, YbClF
mp-557510, Cu3TeS3Cl
mp-557523, VS2
mp-557539, MoF3
mp-557579, LaS
mp-557686, ZrVF6
mp-557692, Ba3Tl2Cl2O5
mp-557719, PbS
mp-557772, CsNiF3
mp-557805, MnBiS2Br
mp-557861, Li2CaTa2O7
mp-557938, HfVF6
mp-557964, Li9S3N
mp-557993, BiO2
mp-558078, Rb2NaFeF6
mp-558110, TiS2
mp-558111, Rb2MnF6
mp-558227, K2RbMn2F7
mp-558258, Eu2I2O
mp-558378, Pd3S
mp-558435, KYb2F7
mp-558798, BiPO4
mp-558831, KNdPdO3
mp-558838, NiPtF6
mp-558896, Yb3(SF2)2
mp-559044, CuCSN
mp-559067, KNa2AuO2
mp-559118, CsTa(PO4)2
mp-559263, K2Li4UO6
mp-559289, YTaO4
mp-559470, AgPbBrO
mp-559521, InBi2S4Cl
mp-559588, CdSbS2Br
mp-559598, LiScF4
mp-559612, KLiO
mp-559760, ScIO
mp-559798, NiF2
mp-559847, Ag5P(S2Cl)2
mp-559931, VF3
mp-559933, Ba3In2Cl2O5
mp-559959, Rb2CoF4
mp-560119, TbCl2F
mp-560338, CrF3
mp-560569, KPrPdO3
mp-560767, KNaTiO3
mp-560861, Cs2KMnF6
mp-560874, BaPb2C2(O3F)2
mp-560902, MnF2
mp-560976, KNiF3
mp-561067, KRb2FeF6
mp-561075, Na2CdSnS4
mp-561079, CdBiS2Br
mp-561242, TaAgS3
mp-561294, SrLi2Nb2O7
mp-561307, DySCl
mp-561317, Rb2NiF4
mp-561320, PbS
mp-561326, LuSeO3F
mp-561461, Cs2KMnF6
mp-561511, FeAsS
mp-561536, NaMgBO3
mp-561619, CsLuS2
mp-561672, Cs4IrO4
mp-561703, AuCClO
mp-561751, CsErS2
mp-561808, YbBi2ClO4
mp-561830, Cs2CoS2
mp-562468, TiF3
mp-562809, GdBi2BrO4
mp-566131, KCrF3
mp-566608, SrCrF4
mp-567114, Sr(BiPd)2
mp-567181, ZrRh
mp-567197, YSnAu
mp-567207, SrIn4
mp-567214, NdSnRh
mp-567240, Ba(MnSb)2
mp-567248, Yb4Mn2Sn5
mp-567249, GdMg2Ni9
mp-567262, NiCN2
mp-567299, KC2IN2
mp-567341, PrCoC2
mp-567369, Nd4Mg3Co2
mp-567377, Ba(AlSi)2
mp-567404, YbIn4Pd
mp-567413, TbInPt
mp-567431, ThCl4
mp-567441, HfIN
mp-567474, Li2CrCl4
mp-567515, Rb2Hg2PdBr8
mp-567525, Te2Au
mp-567545, K(In3Au2)2
mp-567572, GdCBr
mp-567574, DyAgGe
mp-567584, Hf2Te
mp-567598, Dy7(TeIr)2
mp-567614, Tb2Co2I
mp-567624, CrBr2
mp-567628, Rb2LiDyBr6
mp-567644, RbCu2Br3
mp-567657, K(CuSe)2
mp-567670, Ho3(AgSn)4
mp-567687, CrI2
mp-567698, CsTiI3
mp-567713, Nb3TeI7
mp-567727, Pr2Co2I
mp-567730, Pr2B3Cl
mp-567752, Cs2In3
mp-567767, CoCN2
mp-567768, YbCuGe
mp-567787, LiInAg2
mp-567817, HfGeTe4
mp-567836, K2NaBP2
mp-567840, Tm(CuGe)2
mp-567844, Gd2Fe2I
mp-567872, Ba2Bi
mp-567908, Lu4B3C4
mp-567931, InSiTe3
mp-567933, FeCN2
mp-567942, Cs2ReCl6
mp-567948, Rb2Pd(IBr2)2
mp-568066, Pr2CBr
mp-568083, LaNi2B2C
mp-568100, ReNCl4
mp-568113, Ba(AsRh)2
mp-568116, Lu2(CN2)3
mp-568137, Cs3Mg2Cl7
mp-568146, Pd(Se3Br)2
mp-568168, Rb(In3Au2)2
mp-568170, TbCl3
mp-568191, SrLuCuSe3
mp-568207, NdMg2Ni9
mp-568252, Rb2Hg2PdCl8
mp-568264, SiSe2
mp-568266, Tm2NiAs2
mp-568280, Ba(NiAs)2
mp-568328, FeP4
mp-568342, TbCl
mp-568346, HfBrN
mp-568347, NbSe2
mp-568349, Cr(FeSe2)2
mp-568370, La3(SiNi)4
mp-568388, BiI
mp-568398, CaBiAu
mp-568404, Li9Al4
mp-568422, NaAg(CN)2
mp-568424, CaAlAu
mp-568498, Sm2(CN2)3
mp-568501, SrCdBi2
mp-568506, Pr2Ni2I
mp-568519, Tm3(CuGe)4
mp-568529, PrMg2Ni9
mp-568541, Dy2B4C
mp-568574, LaGeI
mp-568624, Tb2B2C3
mp-568625, La3(SiPd)4
mp-568664, CaAgBi
mp-568668, DyFe2SiC
mp-568672, YbGeIr
mp-568673, Y(SiRu)2
mp-568685, TmAlRh
mp-568728, Er2CoSi2
mp-568747, K(NiSe)2
mp-568782, Dy(PPt4)2
mp-568809, Ba5Al5Pb
mp-568865, ZrTe
mp-568866, Na6ZnSn2
mp-568887, RbCrCl3
mp-568890, Tl2CdGeTe4
mp-568895, BaSbAu
mp-568914, K2WCl6
mp-568925, Ni2Sn4Au
mp-568936, Ag2Se
mp-568938, Pr
mp-568967, Ba5Ga5Sn
mp-568974, Ca(CuSn)2
mp-568992, ZrIr
mp-569001, Sr2LiCoN2
mp-569006, Sr(AsRh)2
mp-569008, PdCl2
mp-569066, Cs2PdI6
mp-569109, MnBiSe2I
mp-569114, BaAg2SnSe4
mp-569175, ZrCl4
mp-569196, YNi3
mp-569228, WN
mp-569246, Tl2HgGeTe4
mp-569272, Cs2Se
mp-569338, YbAlPd
mp-569341, NdBPt2
mp-569343, Tb4Mg3Co2
mp-569380, BaCeI4
mp-569396, BaLi2(MgGe)2
mp-569424, Cr2B
mp-569436, MoCl5
mp-569494, SmMg2Ni9
mp-569505, TbRe2SiC
mp-569529, Ba2Bi3
mp-569558, AlAu2
mp-569565, La3(CrN3)2
mp-569568, Ta3AlC2
mp-569578, NbI5
mp-569605, Yb2Tl
mp-569617, Ca3Zn2(CuP2)2
mp-569623, Nb(SeBr)2
mp-569628, CaCdAu
mp-569637, La4C2Cl5
mp-569670, LaNdI4
mp-569673, PrI2
mp-569675, Tl2Hg2PdCl8
mp-569689, Eu2PI
mp-569698, UAl2Pd5
mp-569745, YbMgSn
mp-569748, ThFe2SiC
mp-569766, TeI
mp-569790, BaAg2GeSe4
mp-569802, Si3Ir
mp-569803, B2W
mp-569807, RbTiBr3
mp-569831, Zr3(Al2C3)2
mp-569859, MnTl2SnTe4
mp-569873, La4C2Br5
mp-569885, Cs2TaCl6
mp-569886, KIn9Ni2
mp-569894, La4B4Cl5
mp-569895, EuCl3
mp-569898, Ce3GaBr3
mp-569935, La3(BN2)2
mp-570026, ErAgGe
mp-570051, Tl2SnHgTe4
mp-570076, Tl2CdSnTe4
mp-570102, HoSiRu2C
mp-570138, Tb2Al4NiGe2
mp-570159, SmZnSn
mp-570198, Ba(ZnAs)2
mp-570205, PrSe2
mp-570219, InBr3
mp-570229, ThBr4
mp-570272, Tb2Mg3Ni2
mp-570298, Ba(SbAu)2
mp-570303, KTmI3
mp-570325, AuSe
mp-570340, AgAuCl4
mp-570425, YbGa5
mp-570451, Nb2Te3
mp-570466, Li2Ca
mp-570470, CeSmI4
mp-570477, LaSmI4
mp-570498, Pr4C2Cl5
mp-570499, La5(BN3)2
mp-570506, ZrI2
mp-570529, Eu2B4Rh5
mp-570595, DySiRu2C
mp-570597, La2GeI2
mp-570619, NdSbPd
mp-570668, LaSe2
mp-570677, Ba5Al5Sn
mp-570689, CaInPt
mp-570707, NdSe2
mp-570713, TiAlPt
mp-570728, CeNdI4
mp-570769, CaInCu4
mp-570771, BaLi2(MgSi)2
mp-570775, BaAu
mp-570829, VINCl3
mp-570853, SrCeI4
mp-570890, SmBiRh
mp-570961, CdBiSe2I
mp-570988, La2PBr2
mp-570990, Cs2MoCl6
mp-571016, KSnSe2
mp-571035, OsCl4
mp-571039, CaAlPd
mp-571065, TiBr3
mp-571126, Ti2BRh6
mp-571146, SnICl
mp-571210, YGaI
mp-571216, Sr3(AlGe2)2
mp-571223, Tb3(CuSn)4
mp-571232, YbBr2
mp-571258, Er6I7
mp-571263, KIn9Co2
mp-571266, GaCl3
mp-571279, ZrI2
mp-571302, Pr3(Al2Si3)2
mp-571350, Ba(AsPd)2
mp-571353, BaSn5
mp-571363, YbSbPd
mp-571419, Zr2Al4C5
mp-571420, Ba(NiP2)2
mp-571434, La(AsPd)2
mp-571442, YI3
mp-571454, LiAgC2
mp-571465, PbIBr
mp-571505, Rb2In3
mp-571518, WCl6
mp-571542, CeAlCo
mp-571547, Te2Au
mp-571550, Sb2TeSe2
mp-571554, PrAlSi2
mp-571555, InCl
mp-571571, CeTe3
mp-571599, Ba(BiPd)2
mp-571606, Sm4Mg3Co2
mp-571642, CaCl2
mp-571647, La2PI2
mp-571648, Rb2MnCl6
mp-572313, Cu3Te2(BrO3)2
mp-572758, ReS2
mp-572767, CsAuF4
mp-572797, Cs2IrF6
mp-573316, CsPt2Se3
mp-573321, TePdI2
mp-573376, Lu2CCl2
mp-573548, La3(GaNi2)2
mp-573947, Cs2MnSe2
mp-574004, GdMgGa
mp-574021, Ce2ZnNi2
mp-574122, UAl4
mp-574262, Ce4C2Br5
mp-574338, CsGa3
mp-574369, La2InCu2
mp-574379, CsHg2
mp-574498, Cs3Bi2
mp-579536, CsCu2ICl2
mp-579605, Cs2KEuCl6
mp-580154, GdMgAu
mp-580215, CeGa6Pd
mp-580439, UFe5Si3
mp-580631, Cs2KTbCl6
mp-580886, ZrIN
mp-580941, AgI
mp-581678, LiEu2Si3
mp-581968, Tm2Pd2Pb
mp-582227, Eu(MnSb)2
mp-582389, Eu2B5Os3
mp-582406, Gd2(Zn2Ge)3
mp-582421, KUCuSe3
mp-582618, Eu2C(NCl)2
mp-582826, GdRuC2
mp-600125, HfInCu2
mp-600604, CuO2
mp-600663, CeGaNi
mp-601195, CuO2
mp-601371, GdSi
mp-601823, TaTe2
mp-601846, Yb2In8Ir
mp-602393, La4Ni3Pb4
mp-603326, Gd2CdPd2
mp-604496, CeSiHRu
mp-605650, Ba5Ga5Pb
mp-605786, Eu2BrO2
mp-605867, CeIn7Pt2
mp-606102, Ce3In3Ru2
mp-607298, Cs2Pd(ICl2)2
mp-607475, Zr4In5Co2
mp-607477, CsSc3(CuTe3)2
mp-607816, UFeGe
mp-608254, SmClF
mp-608517, EuSnPt
mp-608823, Ga2Fe2S5
mp-609413, Eu2Ga3Ir
mp-610469, CeBiS2O
mp-610491, BiSeCl
mp-610517, Ag2S
mp-610522, Mn2As
mp-610631, LaGeAu
mp-610645, Ce(NiAs)2
mp-610687, CeSnRu
mp-610744, Cs2MnTe2
mp-610787, Gd(CrSi)2
mp-610955, CsCrCl3
mp-611062, EuSb2
mp-611219, Hg
mp-611316, AsN(OF3)2
mp-612175, Eu3(AsPd)4
mp-612670, YNiBC
mp-612861, La(ReSi)2
mp-612946, KTeOF3
mp-613052, Eu2PBr
mp-613162, CsSnSe3
mp-613206, EuGe2Ir
mp-613839, Tb3(MnGe)4
mp-614565, CuO2
mp-614777, NiF3
mp-614803, Cs2TeO3
mp-614981, Ba2Nd(CuO2)3
mp-615314, ScCoC2
mp-615820, Pu2Pt
mp-616166, Ba2Ho(CuO2)3
mp-618813, Gd2Br3
mp-619206, SrCa2In2Ge
mp-621619, Gd3(CuGe)4
mp-622576, Ba2Sm(CuO2)3
mp-622621, NdFeAsO
mp-623108, Eu4Ir
mp-623988, GdCdPd
mp-624668, BaSb2
mp-624688, Ta2O5
mp-624909, LaNb2CuBrO7
mp-624928, KEu(CuTe2)2
mp-625548, Cd(HO)2
mp-626981, Eu(GeRh)2
mp-628568, FeCu2SnS4
mp-628599, YbBi2IO4
mp-628606, Rb2PdI6
mp-628631, GdBi2IO4
mp-628705, YbFeGe
mp-632711, InHO2
mp-632759, CuH4(OF)2
mp-634381, V2Zn2O7
mp-634965, NbO
mp-635469, CeCuSO
mp-636264, La(CuSn)2
mp-636403, PuNi3
mp-636565, YbIn5Ir
mp-637182, Gd3Al7Ag2
mp-637222, Gd2AlCo2
mp-637614, Zn3(InS3)2
mp-638253, EuIn4
mp-638374, BaNdFe2O5
mp-638590, MnTl2GeTe4
mp-638841, Eu(AsRh)2
mp-639496, EuIn2Au
mp-639876, U2SnRh2
mp-639910, Y(Sn3Ru2)2
mp-640108, Ce2InNi2
mp-640597, Ce3(AgGe)4
mp-640922, CeInPt
mp-642458, CeIn4Pd
mp-642644, V2H
mp-642650, LiP(HO)2
mp-642659, V2H
mp-642731, CeH3(CO2)3
mp-642810, HOF
mp-642890, LaSe
mp-643013, ZrP2(HO3)2
mp-643033, KPH2SO3
mp-643364, HPbClO
mp-643367, YCBr
mp-643378, CuH4Pb2(ClO2)2
mp-643431, AgH4WS4N
mp-643754, HgH2NCl
mp-643989, KHCO2
mp-644222, CdHClO
mp-644385, HCN
mp-644499, CeCoGeH
mp-644762, Eu(ZnSn)2
mp-654374, Ba2YTlCu2O7
mp-655275, HgC2(SN)2
mp-655360, UI4
mp-656144, BaEuFe2O5
mp-662563, CsFe2Se3
mp-669347, KCuF3
mp-669354, LaNb2CuClO7
mp-669431, EuBi2BrO4
mp-669573, EuBi2IO4
mp-669913, Sr2Pb3
mp-672187, Pr2Pd2Pb
mp-672272, Sm2Pd2Pb
mp-672274, YbIn4Rh
mp-672285, CuCSN
mp-672286, Eu3Ga2
mp-677105, Cu2GeSe3
mp-680742, GdP5
mp-690772, V5S8
mp-697068, SiPd2
mp-704645, CuO
mp-705439, CuO2
mp-714931, VO2
mp-715550, MoO2
mp-753721, GdOF
mp-754019, Na4NpO5
mp-754109, PrAsO4
mp-754844, Na2IrO3
mp-755117, Ba2IrO4
mp-755891, CsLiH4SO5
mp-757826, CsCa(NO2)3
mp-781625, BaOsO3
mp-849080, VS2
mp-850049, CoS2
mp-861595, Pr2CdCu2
mp-861620, LaZn4
mp-862850, KPAuSe3
mp-864603, YbH2
mp-864790, Nd2BC
mp-864912, YbGaPt
mp-865527, YAl3
mp-865625, Na2MgSn
mp-865937, KNpAgS3
mp-867152, EuMgGe
mp-867312, KNpCuS3
mp-867851, Rb2TlAu3
mp-971673, BiS2
mp-972187, ZrSiPt
mp-972224, TaGeRh
mp-973451, Nd2BiO2
mp-973540, LuAlB4
mp-973585, LuIO
mp-973981, LuBrO
mp-974434, RuF4
mp-974769, EuNiGe3
mp-975044, Li(SiRh)2
mp-975646, PrZnSbO
mp-975655, PrNiGe2
mp-975666, PrBrO
mp-976271, KTi2F7
mp-977446, NdVGe3
mp-978084, PrVGe3
mp-978568, Si3MoPt2
mp-978853, Sr(GeIr)2
mp-978857, SrHgO2
mp-978986, Sr(GePd)2
mp-978987, SrGe3Pd
mp-979911, Y2Au
mp-981551, PrGe5
mp-982261, PbSe2
mp-983603, ErZnAsO
mp-984605, Ca3SnH2
mp-984703, CeGe5
mp-985439, BaPAu
mp-985831, HfSe2
mp-995122, NbS2
mp-995191, BaTiO3
mp-999192, SiNi
mp-999539, MnO
mp-1001784, LiTiS2
mp-1002133, LaGa
mp-1006372, AgSO4
mp-1006888, KYS2
mp-1007664, InPd3
mp-1008283, Ba
mp-1008833, NpN2
mp-1009657, CaN2
mp-1016999, SrGeO3
mp-1017465, BaVO3
mp-1017514, MgSiN2
mp-1017553, CdCo3N
mp-1017554, CdNi3N
mp-1017567, Hf2SN2
mp-1018025, LuAgO2
mp-1018026, LiAg
mp-1018045, Rb
mp-1018047, LaSn
mp-1018098, Ba2BrN
mp-1018099, Ba2NCl
mp-1018106, YbBiPt
mp-1018139, HoNiBi
mp-1018657, CaBiAu
mp-1018658, CaCoSi
mp-1018666, CeSi2Mo2C
mp-1018667, CeTeCl
mp-1018677, DyScSb
mp-1018684, Er2Mg3Ru
mp-1018691, Eu2H3Br
mp-1018693, Eu2H3Cl
mp-1018694, ErZnGa
mp-1018709, Hf2GaSb3
mp-1018713, HfCuSn
mp-1018731, HoSI
mp-1018735, BaTi2As2O
mp-1018738, LaAl2BRu2
mp-1018746, LaGe2Ir3
mp-1018752, LaTeCl
mp-1018766, Li3LaAs2
mp-1018799, MgSc3Ru2
mp-1018800, MnCuAs
mp-1018808, MgCoGe
mp-1018818, NdTeCl
mp-1018891, PdCl2
mp-1018941, PrTeCl
mp-1019519, Ba2NaO
mp-1019535, BaAl2(SiO4)2
mp-1019779, K2Mg2Si2O7
mp-1019888, KNa2BN2
mp-1020026, LiBeBO3
mp-1025100, LaGe5
mp-1025212, InAsPt5
mp-1025293, InAsPd5
mp-1025377, Cd(AgI2)2
mp-1025411, CeSi2Rh
mp-1058623, O2
mp-1061766, CeNiAs
mp-1063268, CoO2
mp-1063566, MgSc2Ru
mp-1065394, MoN
mp-1065405, CsAuC2
mp-1065583, LaSe
mp-1066781, BrCl
mp-1067925, SrSi3Au
mp-1067935, Ho2SbO2
mp-1067937, Ho2BiO2
mp-1068002, Ca2MgPt2
mp-1068010, Ba(MnBi)2
mp-1068035, Ca2MgPd2
mp-1068042, Yb(MgBi)2
mp-1068048, BaSn3Au
mp-1068053, Ca2AgPd2
mp-1068157, Sr2CdPt2
mp-1068167, Sr2Ge2Pb
mp-1068235, SrGe3Ir
mp-1068239, SrGe3Pt
mp-1068250, Ca(FeSi)2
mp-1068286, Ca2CdPd2
mp-1068325, Sr(InHg)2
mp-1068340, CsGeBr3
mp-1068398, Eu(GeAu)2
mp-1068422, EuGe3Pd
mp-1068431, Yb(ZnSb)2
mp-1068489, Pr2Ni2Sn
mp-1068715, EuGe3Ir
mp-1068746, TlHPd3
mp-1068786, InCo3N
mp-1068803, YbGa4
mp-1068843, Sm2BiO2
mp-1068891, Sr(CuSn)2
mp-1068954, Tb2BiO2
mp-1069042, Eu(ZnSb)2
mp-1069057, Sr(CoSi)2
mp-1069287, Nd2CdCu2
mp-1069288, MnGa4
mp-1069296, Eu3InO
mp-1069357, Eu(CuSn)2
mp-1069375, NdAl3Cu
mp-1069443, CeAl3Cu
mp-1069533, Hf2SN2
mp-1069561, Dy2BiO2
mp-1069613, Er2BiO2
mp-1069658, EuGe3Rh
mp-1069824, Ca2CdPt2
mp-1069956, Ca(SiRh)2
mp-1070103, Hf2Pt3
mp-1070135, Er2Mg2Ru
mp-1070152, Ca(CoSi)2
mp-1070253, Ba(CoGe)2
mp-1070264, La2Ni2I
mp-1070314, Eu(CdAs)2
mp-1070510, Y2BiO2
mp-1070601, La2BiO2
mp-1070662, Gd2BiO2
mp-1070713, InNi3N
mp-1070806, BaTi2Sb2O
mp-1070808, BaTi2Bi2O
mp-1070837, TbMgCo4
mp-1070844, ThPt2
mp-1070852, YbHCl
mp-1070859, TbSiNi4
mp-1070860, EuHCl
mp-1070907, Hf2Sb3Pd
mp-1070912, CsV2S2O
mp-1070916, AlBW
mp-1070917, Nd2Co2SiC
mp-1071032, GeS2
mp-1071051, NdMgCu4
mp-1071127, Ca2GePd3
mp-1071208, LaAl2BOs2
mp-1071216, Pr2Co2SiC
mp-1071230, Zr2Sb3Pd
mp-1071252, LaGa2Rh3
mp-1071260, LaSnAu
mp-1071288, Rb2S
mp-1071360, FeSeN
mp-1071448, CeGaCo
mp-1071453, Nd2Bi
mp-1071720, ScZnPd
mp-1071848, Pr2Sb
mp-1071955, AlPS4
mp-1072085, CeSi5
mp-1072114, HoOF
mp-1072193, ErOF
mp-1072208, DyOF
mp-1072244, EuS
mp-1072419, SmGe5
mp-1072956, MgF2
mp-1076923, Ta
mp-1076932, BaTiO3
mp-1076970, LaScSb
mp-1076973, TiGeSb
mp-1077016, MgIn2
mp-1077018, Sm2Sb
mp-1077095, LuCdNi4
mp-1077156, NdGe5
mp-1077197, CeScSb
mp-1077298, TbMgNi
mp-1077301, EuC2
mp-1077361, BaAsAu
mp-1077378, CsMnP
mp-1077381, Eu2BBrN2
mp-1077404, YbSi2
mp-1077443, NdScSb
mp-1077470, CaNiGe
mp-1077553, Sr2BBrN2
mp-1077722, ScZnPt
mp-1077736, CeTiGe
mp-1077811, CuAgS
mp-1077840, Mn(BiTe2)2
mp-1077866, BaZnBO3F
mp-1077874, Tm(FeO2)2
mp-1077883, In2Rh3S2
mp-1077893, Ba(FeSe2)2
mp-1077901, InCo3SnS2
mp-1077904, CdPb2(ClO)2
mp-1077918, Sr2TcO4
mp-1077929, La2CuO4
mp-1077944, HgPd5Se
mp-1077953, Eu4As2O
mp-1077954, Ce(ZnAu2)2
mp-1077975, Sm4Bi2O
mp-1077979, InPd5Se
mp-1077980, Sr(Ag2Sb)2
mp-1077991, Cs2TmCl4
mp-1078035, Sm2Cr2C3
mp-1078054, Sn2Rh3S2
mp-1078064, Ca(CdAu2)2
mp-1078085, Cs2PdCl4
mp-1078089, Pd3(PbSe)2
mp-1078114, ReCl6
mp-1078159, Ce2Fe(SeO)2
mp-1078180, Sr2MgOsO6
mp-1078182, Nd2Fe2Se2O3
mp-1078184, Eu4Bi2O
mp-1078185, Ba2LuSbO6
mp-1078186, KZn2BCl2O3
mp-1078188, LiOsO3
mp-1078192, Eu4Sb2O
mp-1078198, Ba2CoAg2(SeO)2
mp-1078202, Yb2SnGe2
mp-1078205, KRb2InF6
mp-1078212, Li2B2C
mp-1078216, Sr2Ti2Bi2OF2
mp-1078217, NaFeF3
mp-1078223, Eu(Ag2Sb)2
mp-1078225, BaLaSi2
mp-1078227, BaCoSO
mp-1078231, Sr(GaRh)2
mp-1078234, BaGe3
mp-1078237, NaNiF3
mp-1078239, WBr4
mp-1078240, Si6Ni3Au
mp-1078242, YAlPd2
mp-1078244, ScNi2SbO6
mp-1078250, Cs2AgBiBr6
mp-1078253, MnB4
mp-1078257, Sr(SnHg)2
mp-1078258, Cs2AgBiCl6
mp-1078259, GaBO3
mp-1078261, Ho2Ni2Sn
mp-1078265, Cs2YbCl4
mp-1078268, Pr2BC
mp-1078274, Ca2SnGe2
mp-1078277, Mn2FeWO6
mp-1078278, CrB4
mp-1078280, Ca2GaPd2
mp-1078283, Ce2Fe2Se2O3
mp-1078292, CdCu2SnS4
mp-1078295, NaNbO3
mp-1078303, Ba2YOsO6
mp-1078304, Ca2AlPd2
mp-1078313, Bi2Pt
mp-1078315, PrBi2Au
mp-1078316, Ce2AlRu2
mp-1078326, Ca2GePd2
mp-1078328, LaBiS2O
mp-1078329, ZnPbO3
mp-1078335, Pr2BiN
mp-1078340, Ce(AlPd)2
mp-1078341, EuNbO3
mp-1078348, CeGa3Pd
mp-1078349, La2BiN
mp-1078355, ScNiSn
mp-1078362, Ca2AlPt2
mp-1078363, Ce2BiN
mp-1078366, Bi2S2O
mp-1078367, InNi2SbO6
mp-1078369, Gd2Al4CoGe2
mp-1078370, CeBi2Au
mp-1078372, Na2MgPb
mp-1078378, YbInPt
mp-1078379, FeBiS2Br
mp-1078394, Ba2LuBiO6
mp-1078397, LaBiS2O
mp-1078398, CeAsO3
mp-1078401, LaBi2Au
mp-1078402, ScGePd
mp-1078409, Ba2LaBiO6
mp-1078410, Ba2ZnTeO6
mp-1078411, Sr(SnAu)2
mp-1078415, CaFeSO
mp-1078419, Na3PSe4
mp-1078420, ZnCu2GeTe4
mp-1078428, Ca2GaPt2
mp-1078429, EuGa3Pd
mp-1078430, ScCuGe
mp-1078431, LaBiSe2O
mp-1078435, BaCd2Pt
mp-1078443, As2Se3
mp-1078445, Nd2BiN
mp-1078450, CeCdPt
mp-1078453, BaAlGeF
mp-1078458, CrFeO3
mp-1078460, Li2CuSn2
mp-1078462, BaMg4Ge3
mp-1078469, CuPN2
mp-1078470, TiZnO3
mp-1078483, Ca2GePt2
mp-1078497, YbGa2Ni
mp-1078503, LiTiNCl
mp-1078504, YbIn2Pt
mp-1078516, BaCrS2
mp-1078526, GaPd
mp-1078539, Sr2MgMoO6
mp-1078542, GdZnAsO
mp-1078562, SrAgSF
mp-1078566, Ce2Mn2Se2O3
mp-1078610, EuGe3
mp-1078623, Zr2BIr6
mp-1078644, SnO
mp-1078659, CaRhO3
mp-1078664, Pr2Mn2Se2O3
mp-1078671, Sr2CaWO6
mp-1078672, Ce2CdCu2
mp-1078676, Tl2SnHgSe4
mp-1078679, GdFeAsO
mp-1078698, ZrCuGeAs
mp-1078706, Ba2CoCu2(SO)2
mp-1078709, Na2BiAu
mp-1078721, InPd3
mp-1078725, Ba2UZnO6
mp-1078739, YAgSb2
mp-1078741, Ba2CuOsO6
mp-1078771, Tb2Ni2Sn
mp-1078784, Sc3RhC4
mp-1078795, TmGe3
mp-1078796, EuAs3
mp-1078799, LiNbF6
mp-1078802, LaVGe3
mp-1078813, YZnPd
mp-1078814, Ce2C2Cl
mp-1078825, SrCd2Pd
mp-1078829, Gd2Cl3
mp-1078834, LiRuF6
mp-1078837, DyZnPd
mp-1078860, SrGeAu3
mp-1078868, Sr2MgReO6
mp-1078874, Ba2CeTaO6
mp-1078889, La(AsIr)2
mp-1078903, SrZnSbF
mp-1078908, Ca2CdP2
mp-1078984, Ce2Fe2S2O3
mp-1078995, Sr2MgTeO6
mp-1079040, CsDyBr3
mp-1079050, LaAsO3
mp-1079069, La2Mn2Se2O3
mp-1079088, NaAsF6
mp-1079090, Er3Sn7
mp-1079133, LuZnSn2
mp-1079155, Hf6Al2Pt
mp-1079169, Ba2NdIrO6
mp-1079174, PuPd
mp-1079175, MgGaAu2
mp-1079181, LiOsF6
mp-1079195, SrMnPF
mp-1079211, Ce(PIr)2
mp-1079214, GdSnPt2
mp-1079218, Ho3Sn7
mp-1079232, Cs2HgPdCl6
mp-1079241, Ce2Si7
mp-1079273, La3Sn7
mp-1079320, BaZnAsF
mp-1079321, ErAgS2
mp-1079329, HoZnPd
mp-1079330, MgVO3
mp-1079348, B3Os2
mp-1079351, Sr2CuMoO6
mp-1079362, LaNiAsO
mp-1079386, TbZnPd
mp-1079397, HoZnSn2
mp-1079403, Sr2CoOsO6
mp-1079406, Eu(SnPd)2
mp-1079426, Tl2SiHgSe4
mp-1079433, BaMg4Si3
mp-1079437, FeB4
mp-1079455, CeNiAsO
mp-1079458, Cs2NaCeCl6
mp-1079471, TmZnPd
mp-1079478, PrAgSb2
mp-1079483, LiAuF6
mp-1079540, La(SbPd)2
mp-1079541, ZnCu2SnS4
mp-1079551, BaGdCo2O5
mp-1079562, UFeSe3
mp-1079568, NaIrO3
mp-1079570, CeFeAsO
mp-1079573, Pr2Fe2S2O3
mp-1079583, Rb2NaAlF6
mp-1079600, Cs2S3
mp-1079603, BaCdPF
mp-1079605, Dy2NiSn6
mp-1079615, Ba2UCdO6
mp-1079622, Ba3(ZnAs2)2
mp-1079629, Mg(BC)2
mp-1079630, Ba2TaInO6
mp-1079632, Ba2CeNbO6
mp-1079645, K2CdSnSe4
mp-1079647, BaAgSeF
mp-1079656, TmAgS2
mp-1079685, LaNiPO
mp-1079688, Hf4CuSi4
mp-1079697, SmPRu2C
mp-1079704, Tb3Sn7
mp-1079705, Ba2LuTaO6
mp-1079717, Sr2Ti2Sb2OF2
mp-1079726, Zr2SeN2
mp-1079747, Sr2Ti2As2OF2
mp-1079800, La2Co2Se2O3
mp-1079832, ScTe
mp-1079840, Dy2Ni2Sn
mp-1079848, GaFe2AgTe4
mp-1079852, ErZnPd
mp-1079853, SrMg2Pd
mp-1079885, LiSbS2
mp-1079887, TbFeAsO
mp-1079890, Al2CuIr
mp-1079938, TlPd3
mp-1079944, LuCuAs2
mp-1079971, Sr2ZnMoO6
mp-1079988, La2Al2Ge
mp-1079993, ThAgPO
mp-1080029, Ba2Mn2Se2OF2
mp-1080041, Cs2NaBiCl6
mp-1080045, SrHBrO
mp-1080049, Sr(ZnSn)2
mp-1080058, KIO3
mp-1080083, PrPOsO
mp-1080128, SrMnSbF
mp-1080133, SrGa3Pd
mp-1080135, SrZnAsF
mp-1080178, GdZnPd
mp-1080419, SmBi2Au
mp-1080428, NbBr4
mp-1080438, SrAgTeF
mp-1080449, SmZnPd
mp-1080464, Ba3(CdAs2)2
mp-1080470, Ba2SmOsO6
mp-1080480, CeSi2Ag
mp-1080486, TiFeP
mp-1080493, Y3Au2
mp-1080496, GdInAu
mp-1080534, Cs2Li3I5
mp-1080546, La(GePt)2
mp-1080559, In(GaAu)2
mp-1080579, NdCd2Pd
mp-1080595, Gd2CoSi2
mp-1080605, MgGaAu
mp-1080619, TmZnSn2
mp-1080650, BaCuSF
mp-1080665, ScPIr
mp-1080679, LiTaF6
mp-1080702, Ba(CuSb)2
mp-1080713, Er2Ni2Sn
mp-1080714, Li2AgSn2
mp-1080722, Nd2CdCu2
mp-1080729, CePRu2C
mp-1080739, Eu3(SF2)2
mp-1080747, ScAlCO
mp-1080749, CsFeO2
mp-1080779, YZnSn2
mp-1080794, TbPRu2C
mp-1080797, CsHg
mp-1080828, KCuF3
mp-1080842, Ba2UPbO6
mp-1084770, K2BiAu
mp-1084823, Sr2CrSbO6
mp-1084830, LaGe
mp-1086652, BaAgSF
mp-1086665, NdCoAsO
mp-1087473, LuZnPd
mp-1087476, K2Mg5Sn3
mp-1087483, ThCuPO
mp-1087517, NdZnPd
mp-1091385, PuAl2Pd5
mp-1091391, BaTl4
mp-1091394, Ba2NaIO6
mp-1091415, Ge
mp-1091416, SrCuTeF
mp-1092291, Sm(GePt)2
mp-1092328, Sc3IrC4
mp-1095035, Eu2InPt2
mp-1095043, Sc3OsC4
mp-1095072, Sm(PIr)2
mp-1095074, Ba2GdMoO6
mp-1095099, LiPtF6
mp-1095149, LiLaBi2
mp-1095151, BaCdAsF
mp-1095160, Eu2InPd2
mp-1095177, SiNi
mp-1095180, Ca2CdAs2
mp-1095186, K(NpSe3)2
mp-1095188, CaNiGeH
mp-1095204, Tm2Ni2Sn
mp-1095213, BaFe2S2O
mp-1095216, NdAsO4
mp-1095224, PtO2
mp-1095228, PuB2C
mp-1095229, YNbO4
mp-1095230, CaSeO4
mp-1095238, Eu3(GeIr)4
mp-1095240, Ca3(GeIr)4
mp-1095247, ScGeRh
mp-1095252, SrFe2Se2O
mp-1095253, ScGePt
mp-1095254, EuMoO4
mp-1095261, ScCoGe
mp-1095263, HoSeF
mp-1095264, OsO2
mp-1095269, Si
mp-1095270, Na5NpO6
mp-1095280, SrFe2S2O
mp-1095283, PAuO4
mp-1095284, BaGe5
mp-1095287, ScTlP2S7
mp-1095292, GeF2
mp-1095294, SiS2
mp-1095296, Dy4Te3S4
mp-1095302, BiSe2
mp-1095303, FeBi4S7
mp-1095305, NdSbAu
mp-1095307, CeSbAu
mp-1095309, LaAsO4
mp-1095315, BaWO4
mp-1095320, LuBPt2
mp-1095321, WBr5
mp-1095324, U2In8Rh
mp-1095333, EuIn4Ir
mp-1095346, EuCdPt
mp-1095351, NpB2C
mp-1095353, IrO2
mp-1095357, BaIn9Ir2
mp-1095369, Sr3(GaIr)4
mp-1095370, BiPdSe
mp-1095372, MnBi4S7
mp-1095377, ErSnPd
mp-1095378, AsAuO4
mp-1095411, EuIn2(GeIr)4
mp-1095419, TaCrP
mp-1095420, ZnMoO4
mp-1095422, YbBPt2
mp-1095424, Pr4Mn2As5
mp-1095429, KUClO3
mp-1095431, YbGaNi
mp-1095433, TmGa4Ni
mp-1095452, U3Fe2Ge7
mp-1095467, Tm2Si2O7
mp-1095476, LaSnPd
mp-1095479, GdS2
mp-1095485, BaGe(PO4)2
mp-1095496, ErGa4Ni
mp-1095498, Ba2Ni5Ge4
mp-1095505, Ti3GeC2
mp-1095513, SrCdAu
mp-1095516, KFe2Se3
mp-1095519, Eu2In
mp-1095520, KPd2O3
mp-1095522, YZnPd
mp-1095535, YGa4Ni
mp-1095563, ScSiIr
mp-1095577, Tm4B3C4
mp-1095610, ZrGePt
mp-1095626, La2P2AuO
mp-1095628, YSnPd
mp-1095635, Lu(P2Rh3)2
mp-1095653, Yb3(CuGe)4
mp-1095659, YbAlB4
mp-1095660, EuIn4Cu
mp-1095661, YbCuPbSe3
mp-1100908, VO2
mp-1101056, GdMgIn
mp-1101094, Cs2CeCl6
mp-1101768, La3(ZnPd)4
mp-1101774, YSnIr
mp-1101783, Bi2Ir
mp-1101787, LaSi5
mp-1101788, EuInRh
mp-1101792, EuMg2
mp-1101808, CeSbIr
mp-1101822, EuSbPd
mp-1101845, EuGaGe
mp-1101864, PrO2
mp-1101867, ZrCuSn
mp-1101873, ErS2
mp-1101885, Na2PS3
mp-1101989, SrLiAs
mp-1101996, Ce2NCl3
mp-1102023, HgPt2Se3
mp-1102073, SrCdPt
mp-1102076, EuMgPd
mp-1102077, NaAlF4
mp-1102080, ScSiPd
mp-1102093, EuI2
mp-1102145, EuMgSn
mp-1102147, Sc(P2Rh3)2
mp-1102160, EuGaSn
mp-1102172, Ce2In8Pd
mp-1102174, In2AsPt8
mp-1102195, TiSiPt
mp-1102246, LaSeCl
mp-1102254, Cs2GeSe3
mp-1102268, YSiIr
mp-1102285, AlPS4
mp-1102298, Eu3B2Pt7
mp-1102313, YbSbIr
mp-1102373, YGeIr
mp-1102390, Eu2Ge3Au
mp-1102394, Nb5B6
mp-1102396, Ba2In
mp-1102445, PrNi3
mp-1102475, Ce2NiGe3
mp-1102477, Eu2Si
mp-1102487, Sc(P2Ru3)2
mp-1102498, Ce2PPt8
mp-1102523, Zn2PN3
mp-1102524, In2Pd8Se
mp-1102525, ScSiRu
mp-1102536, AlCuBr4
mp-1102545, HfTl2Se3
mp-1102568, EuZnAu
mp-1102613, La3(ZnPt)4
mp-1102615, CeTeCl
mp-1102631, CaAlPt
mp-1102662, CaMgPd
mp-1102671, EuIn4Au
mp-1102706, Eu3Ga8
mp-1102721, LaTa2CuClO7
mp-1102794, Mg2BBrN2
mp-1102795, ErZnPt
mp-1102830, ZrTl2S3
mp-1102855, ScGeIr
mp-1102891, EuBi2
mp-1102897, EuZnPd
mp-1102914, Ba2Eu3Si7
mp-1102938, MnTlF4
mp-1102948, GdNi4B
mp-1102961, AlCdCl4
mp-1102963, VO2
mp-1102993, EuAs
mp-1103002, EuIn4Ni
mp-1103033, SrMgPt
mp-1103034, ScCoSi
mp-1103046, CaCdPt
mp-1103080, Ba2Ti2Fe2As4O
mp-1103091, GaHgCl4
mp-1103128, Yb4Ni2C5
mp-1103152, CsBrF4
mp-1103172, CaCdPd
mp-1103174, TlFe2S3
mp-1103189, LaTeCl
mp-1103226, TbS2
mp-1103346, NbGePt
mp-1103351, Na4Mg(SiSe3)2
mp-1103379, Cs2SnSe3
mp-1103397, BaSnF4
mp-1103425, ErCo3Si2
mp-1103440, GdZnRh
mp-1103449, Yb(P2Rh3)2
mp-1103453, Sr2LiGe3
mp-1103457, Eu3Zn2(CuP2)2
mp-1103473, CsCrP2S7
mp-1103503, GdSnPd
mp-1103514, Eu2Cu6P5
mp-1103520, Cs2SiS3
mp-1103543, BaDyFe4O7
mp-1103548, Ce3(SiPd)4
mp-1103596, Ce(Ge2Rh3)2
mp-1103604, La2NCl3
mp-1103614, Ce2In8Pt
mp-1103637, EuBPt4
mp-1103650, RbCu2I3
mp-1103655, YNiGe
mp-1103718, Al(VS2)4
mp-1103730, Na4Mg(GeSe3)2
mp-1103787, Si7(Ni2Au)2
mp-1103870, Eu(In2Ag)4
mp-1103929, Yb(Ga2Cu)4
mp-1103940, Li6PBrO5
mp-1103986, BaLuFe4O7
mp-1103995, Sr3Fe2(OF)4
mp-1104011, CsGdCdTe3
mp-1104137, Tb(NbSn)6
mp-1104176, BaHoFe4O7
mp-1104205, BaErFe4O7
mp-1104254, Bi4Pb(ClO3)2
mp-1104320, Ti4GaS8
mp-1104326, HoVO4
mp-1104337, Y(VSn)6
mp-1104386, Li6PClO5
mp-1104454, Ta4Ga(TeSe)4
mp-1104863, BaYbFe4O7
mp-1104966, CsGdTe4
mp-1105068, BaYFe4O7
mp-1105101, Ba9In4
mp-1105876, Cs6Fe2O5
mp-1176494, MgV2O6
mp-1178789, V2ZnO6
mp-1181739, CrMoF6
mp-1182001, Ca3V2O8
mp-1182074, Ca2CoO3
mp-1182375, BaMn4O8
mp-1182772, HgH3IO6
mp-1202723, B
mp-1205295, Yb2PbAu2
mp-1205313, SmAgAs2
mp-1205330, Ca3SiO
mp-1205335, RbAg3S2
mp-1205342, KAg3Te2
mp-1205343, CaMnSb2
mp-1205355, MoBr3
mp-1205359, Ba2UCuO6
mp-1205378, LuCuPbSe3
mp-1205384, LaTe2
mp-1205454, Hf2InNi2
mp-1205455, SnSe
